Short Name,Default Species,Default Gender,Heart Color,Short Backstory,Teams,Alias,Full Name,Birth Place,Birth Day,Default LV,Default Height/Length (Cm),Default Weight/Mass (Kg),Aura Color,Hidden Type,Favorite Items
Adam,Raichu,Male,Iridescent,"On 2005-11-17, at 15 years old, Adam found Eve passed out in Tiny Woods and formed Rescue Team Ganden with her, giving her his Normal Type house he accidentally obtained on his birthday. Ever since, his loyalty towards her was unbreakable, to the point he decided to side with her when she got exiled by Square Town. He followed her and protected her across the entire continent just so the two could meet Ninetales and prove that she was innocent. Since then, they dedicated their lives repairing the damaged relationship between the isolated Legendaries and Mythicals, and the ordinary Pokemon civilizations. After evolving and conquering Purity Forest, Adam started doubting that he was the perfect partner for Eve. His heart turned Shiny and he started isolating himself. His heart became Iridescent when Eve convinced him to live with her. Adam and Eve married at midday in 2009-01-01. ||| Even before evolving or going through exile, Adam was infamous for his coolness and optimism even in the most dire of situations. His calmness and altruism is almost unnatural, and he could reassure even the most anxious teammates, or help out several Pokemon with even the most boring of tasks without feeling tired. At the same time, he is a spectacular **Rushdown**, not letting his foes breathe with his ridiculous speed and power. He isn't that smart though, and can sometimes take things too lightly. This is why he becomes terrifying when a born strategist is in charge, especially Eve, as he can tell exactly what she's thinking with just a glance.",Ganden,Divine Man,Adamus Ganden,"Air Continent, Tiny Woods",1990-09-22,255,33 ~ 52 ~ 96 ~ 88,2 ~ 9 ~ 41 ~ 36,Stately Silver,Fighting,TODO
Ade,Darkrai ,Male,Standard,TODO,N/A,TODO,Hades Hermagoras,Grass Continent,TODO,195,192,58,Vivid Pink,Psychic,TODO
Aenor,Azumarill,Female,Standard,"Aenor is Hansel and Gretel's mother. Hansel and Gretel helped her with heavy tasks like shopping while she was sick, until Hansel and Gretel used a Water Float to heal her. She later went looking for a job from Puck, which told her that Jerome was hiring someone to run the Request Counter and Request Gate in Paradise. She decided to leave her house to Hansela and Gretel, and moved to Post Town as a result, sending them money from time to time.",Tengoku,TODO,Aenor Marida,TODO,TODO,TODO,TODO,TODO,TODO,TODO,TODO
Ai,Espeon,Female,Iridescent,"They are two dungeon researchers who work as partners. Together; they uncovered the secrets of how Mystery Dungeons work. The duo separates after Todd and Euni attack them both for their Entercards. Kosuke takes two Entercards that they created and Ai takes the other two. Kosu manages to reach Post Town and is cared for by Swanun; but Ai is still on the run from the pursuers. She eventually meets [SWADLOON] in Inflora Forest and gives him the Entercards so Todd and Euni won't find them when they inevitably apprehend Ai. Ai then gets saved by Tengoku. Kosuke reveals they met Diane in the past and why she seems distant towards others. Ai and Kosuke have been studying Magnagates, Entercards, and Ley Lines since. They also were the ones who contributed the Ley Lines view in the Nexus Map.",Tengoku,TODO,Aiko Nonaka,Mist Continent,TODO,170,35 ~ 86,7 ~ 26,Fiery Red,Fairy,TODO
Alder,Alakazam,Male,Standard,"Alder was trained by [LUCARIO], the very first Guildmaster. Afterwards, he formed Team A.C.T., the third Rescue Team in the world to achieve Gold Rank. He put his rapid ascent on hold after realizing Eve was a human, and witnessing Team Ganden's even more rapid ascent without any prior training. He suspected Eve was the human from the Ninetales legend. Because of his own doubts, he got tricked by Giuda to lead the hunt when Eve and Adam became fugitives. Alderic and his team was lead all the way up to Mount Freeze, where he found out first hand that Eve was innocent. When [GROUDON] awakens and starts an earthquake, Alderic and his team decide to make up for their mistake by taking down [GROUDON]. Even then, [GROUDON] proved to be too much, and he needed Eve and Adam's help to take him down. Afterwards, he personally awarded Eve and Adam their gold rank. When Eve and Adam decided to take down the Great Meteor, he was one of the Pokemon that helped to create the Teleport Gem. After personally witnessing Adam and the rest of Square Town going through the rollercoaster of emotions that was Eve's disappearance and revival, he decides to become Eve and Adam's mentor and manager during his free time not handling Team A.C.T..",A.C.T.,TODO,Alderic Shehu,Air Continent,TODO,TODO,TODO,TODO,Mystic Purple,Poison,TODO
Aldi,Armaldo,TODO,Iridescent,TODO,N/A,TODO,Aldwin,Grass Continent,TODO,TODO,TODO,TODO,Energetic Yellow,Normal,TODO
Alph,Glaceon,Male,Iridescent,TODO,N/A,TODO,Alphonse Darrel,TODO,1967-08-19,93,30 ~ 81,7 ~ 29,Stunning Orange,Ghost,TODO
Alt,Manaphy,Male,Iridescent,"One day, Vega and Lyra find out from [SUNFLORA] that Surrounded Sea suddenly revealed itself, supposedly home to hundreds of rare treasures brought by the currents that run through it. At the end of Surrounded Sea, there are three Deluxe Boxes, but also a Wonder Egg for some reason. After many flustered back and forths, Vega and Lyra decide to take care of it. The next morning, the Egg hatches into a Manaphy. The team goes to see [CHATOT], who says that Manaphy are extremely rare. Vega and Lyra, even more flustered, decide to take care of him and call him Altair. A day later, Vega and Lyra take Altair for walks, feed him, and play with him while they're not handling Guild work. That night, however, when Vega and Lyra are asleep, Altair stays up and longingly stares out at the sea, eventually resorting to go to the shore. When the two wake and finds Altair missing in the morning, they run around in a panic, trying to find it. They finally find him at the beach, where he suddenly keels over in the sand. Once the team reports to [CHATOT], the Chatot says that Manaphy are really supposed to grow up in the ocean. However, Altair's current ailment could only be cured by the Phione Dew, located in Miracle Sea. At the end of the dungeon, there are six Phione, who are driven away suddenly by an enraged, treasure-seeking Gyarados. After defeating Gyarados, he runs away, and in their thanks, the Phione gives Vega and Lyra the Phione Dew. After Altair is cured and with a few days of rest, [WALREIN] is told by [CHATOT] to take care of Altair under the sea. With a tearful farewell, Altair is taken to its home. Altair returned many months later after Hades got defeated by Vega and Lyra, and became surprisingly strong. Vega and Lyra decided to make him officially join Team Chronos. To this day, Altair keeps calling Vega and Lyra their parents even though he was mostly raised by [WALREIN]. His heart became Shiny and Iridescent when he found out Capella was going to be his little sister.",Chronos,TODO,Altair Chronos,Grass Continent,2003-08-08,250,39,2,Gentle Mint Green,Psychic,TODO
Ansa,Octillery,Female,Standard,"Ansa and her partner Traff formed Team Constrictor, a team that specializes in binding foes into submission. They also restored a Root Fossil into a young Lileep, who eventually joined the team and evolved. Ansa was one of the Pokémon who volunteered to take down Groudon once Team A.C.T. did not return. She did not succeed, however. When Eve and Adam succeeded in her place, it motivated her and the rest of her team to challenge other teams in the Makuhita Dojo, to become stronger.",Constrictor,TODO,Ansa Irvine,Air Continent,TODO,TODO,TODO,TODO,Smart Marine Blue,Electric,TODO
Anto,Absol,Male,Iridescent,"Unlike Mount Thunder and Mount Blaze, Mount Freeze could not be guarded by one single Legendary Bird alone, for it was interconnected with Frosty Forest. A long time ago, Anto, a disaster hunter, decided asked [ARTICUNO] to let him help, taking turns with her to guard both. As the disasters became more aggressive however, he tried venturing further south more often, to find the cause. One day he spotted Eve and Adam in a dire state, probably being fugitives. He initially suspects they could have gotten in trouble for causing the disasters, but couldn't sense any oblivion from them. As they got attacked by [ARTICUNO] and explained their situation, Anto intervened to save them. One thing leads to another, and Anto joins Eve and Adam's Team Ganden. When Frosty Forest was confirmed safe, he immediately got tasked with returning to the base to help out Pokémon in need and find more information about the true cause of the disasters, while Adam took Eve to Mount Freeze to prove once and for all that she's innocent. Later, when the Great Meteor was destroyed by Eve and Adam, he started joining Rescue missions to save Pokémon who were affected by the previous disasters, so he could directly see the effects that disasters had on Pokémon instead of observing and predicting them from afar. This turned his heart Shiny. Years after, he discovers from the Expedition Society that not only a human's light allows Pokémon to evolve without needing a Luminous Spot, but holding the right Key Stone and Mega Stone, a human can even Megaevolve a Pokémon. Because of this, he now hangs around Eve a lot more often. This turned his heart Iridescent.",Ganden,TODO,Anthony Monsoon,Air Continent,TODO,TODO,133 ~ 135,58 ~ 60,Clear Aqua Blue,Flying,TODO
Arthur,Watchog,Male,Standard,"Arthur used to live in Post Town, but after seeing Paradise's success, decided to train like hell and pioneer the Alliance Attack, a powerful technique that allows the entire team to surround one enemy and unleash their moves all at once. This caused severe strain on Arthur's body however, and required a lot of nutrients and food. Afraid of getting out of shape, Arthur decides to join Plinus in Serene Village school, hoping to teach this technique to younger, healthier students. He has a short temper and he sometimes thinks of himself to be the best. He is shown to get quite annoyed at Selene.",N/A,TODO,Arthorias Capitani,Mist Continent,TODO,TODO,TODO,TODO,Deep Green,Water,TODO
Aster,Zapdos,TODO,Standard,"Zapdos captures Shun after he breaks the cloud he was sleeping in; and takes him to Mt. Thunder. He gets defeated by Eve and Adam. He almost gets back up, before Team A.C.T. intervened. He decides to acknowledge Team Ganden's strength, and gives them back Shun.",N/A,TODO,Asteropeia,Air Continent,TODO,TODO,TODO,TODO,Vivid Pink,Poison,TODO
Asti,Salazzle,Female,Shiny,"In the Sand Continent, outlaws spent their time as servants instead of being stuck in prison, because it allowed to serve their time much faster by helping out Pokemon who temporarily bought them. Asti used this to lure and kidnap inexperienced Pokemon who seeked a new profession in Silt Village, and sell them as outlaw slaves, with fake crimes they never committed. She was apprehended by Betelgeuse, one of her victims who recently became an officer. She later was bailed out by Storm in exchange for her loyalty. It's unclear where Asti is right now, but she must be serving a LONG time.",N/A,TODO,Astrit Despoina Nemain,Grass Continent,TODO,56,65 ~ 138,4 ~ 23,Gentle Mint Green,Flying,TODO
Aston,Feraligatr,Male,Standard,"Aston joined Team Hydro last, but like Jerry, he used to be quiet... until many years later, out of nowhere, he Devolved, turned his heart Shiny, and decided to join the Solstice Academy for a few years. There he met Squall. He became very close to him which quickly turned his heart Iridescent, even though Squall has no intention of ever joining Team Hydro.",Hydro,TODO,Athelstan Jackson,Air Continent,TODO,80,59 ~ 111 ~ 244,9 ~ 25 ~ 90,Clear Aqua Blue,Electric,TODO
Ather,Absol,Female,Iridescent,"Very little is known about her. The only people who knew her were Inari and Anto. Apparently she used to be Anto's partner, and Yonaka was their daughter, but both Yonaka, Anto and Inari seem to dissociate and become depressed when asked where she is.",N/A,TODO,Aetherius Fubuki,Air Continent,TODO,TODO,121 ~ 122,42 ~ 44,Energetic Yellow,Psychic,TODO
Atlas,Golem,TODO,Standard,"Team Rumblerock consists of [GRAVELER], [GRAVELER], and Atlas, who leads the team. Atlas goes with Bryce and Ansa to defeat [GROUDON] in Magma Cavern, but the three end up losing the battle.",Rumblerock,TODO,Atlas Mitchell,Air Continent,TODO,TODO,TODO,TODO,Fiery Red,Grass,TODO
Auda,Venusaur,Female,Shiny,"Used to hang out with Clark and Bryce as kids before they became rivals. Now she lives peacefully in Shiny Town, not a single care in the world.",N/A,TODO,Audovera Denzel,Fire Continent,TODO,150,71 ~ 109 ~ 211 ~ 234,7 ~ 14 ~ 120 ~ 166,Brilliant Green,Ghost,TODO
Barbie,Lopunny,Female,Iridescent,"Barbara used to live as a semi-wild Buneary around Foggy Forest until she found out about Treasure Town, and the existence of Exploration Teams. She became popular in the manner of months due to her glamour, so she immediately decides to evolve and form Team Charm with Hildegarde, an amnesiac, but immensely powerful Gardevoir that just happened to pass by. Pauline joined shortly after, claiming to know Hildegarde and wanting to stay by her side. The three quickly became very protective of each other, achieving Master Rank at near record pace, amassing mountains of treasure (and fans!) and somehow defeating opponents much bigger than them, no matter if in strength or numbers. Even after becoming rivals with Team AWD, their pride was having a success rate of 100%... until Limestone Cavern changed their entire philosophy. Not only it was their first time meeting Puck, but it's where all four, along side Team AWD, discovered that the treasure hidden inside Limestone Cavern was none other than a Time Gear. This causes Barbara and Midna to form a truce and agree that there are some treasure you just can't take, ending their perfect streak. Shortly after, impressed by his ability, Barbara uses a Perfect Apple to convince Puck, usually immune to their charm, to join them for a few explorations. Years later, they return to Pukurin guild to trade Puck's Unown Key for a Perfect Apple. Here they meet Vega and Lyra, and they decide to invite Team Chronos and the Pukurin Guild to explore Aegis Cave with them. Here they find themselves barely being able to stay ahead of Vega and Lyra, as they made quick work of collecting Unown Stones and defeating the Legendary Giants. They had to be saved by them when battling [REGISTEEL], which convinces Barbara to team up with Vega and Lyra. They defeat [REGIGIGAS], and here Barbara finds out that Vega and Lyra are Aura users, which ends up unlocking Concealed Ruins. From this moment, Team Charm used Team Chronos as their benchmark, and pushed themselves to their limits, to the point all three unlocked Mega Evolution thanks to Vega's humanity.",Charm,Barbara The Beauty,Barbara Limestone,Grass Continent,TODO,185,29 ~ 135 ~ 140,4 ~ 34 ~ 25,Elegant Violet,Ground,TODO
Belle,Cinccino,Female,Standard,"Runs the Gift Shop in Post Town. She has a cheery attitude and often ends dialogue with a ""♪"". She is also oblivious to the fact that [RAMPARDOS] has a huge crush on her. Eh, it wouldn't fit anyway.",N/A,TODO,Isabelle Tomoo,Mist Continent,TODO,170,41 ~ 53,6 ~ 7,Mystic Purple,Ice,TODO
Ben,Bibarel,Male,Shiny,TODO,Pukurin,TODO,Benson Gallardo,Grass Continent,TODO,TODO,TODO,TODO,Elegant Violet,Grass,TODO
Betty,Ninetales (Delta),Female,Iridescent,"Born in Empire Town, she spent her whole infanthood stargazing. She felt immense affinity with the stars, and her heart became Iridescent. Unfortunately, her Iridescent colors were VERY unique, which caused her a lot of discrimination. This was one of the many reasons she had trouble becoming an astronomer. She took a boat and visited Silt Village, determined to get a quick job to get cash. Her unusual colors, innocence, and eagerness to do anything, caused her to be quickly kidnapped by Asti, and sold as a slave for a crime she didn't commit. When Vega and Lyra saved Betty, she became an Officer, and swiftly returned to Silt Village to gather proof, so she could jail Asti once and for all. She later became Aaron's partner, but lately hasn't had any time to relax with him, as she had to evolve to keep up with her work. She still keeps her passion in astronomy a secret.",N/A,TODO,Betelgeuse Chase,Grass Continent,TODO,220,47 ~ 104,6 ~ 20,Mystic Purple,Fire,TODO
Blake,Zigzagoon,Male,Standard,"A junior guard in Empire Town. He is fascinated with human weapons, and how they seem incredibly powerful they are against other humans, while being much weaker against Pokemon, often outclassed by Moves.",N/A,TODO,Blakely Stroll,Mist Continent,TODO,33,33 ~ 55,11 ~ 33,Vivid Pink,Bug,TODO
Bo,Mienshao,Male,Shiny,"He became an Aura User by training with a pack of Riolus at a very young age. Used to be an occasional visitor to Post Town, but after evolving he became a very powerful Adventurer. He's planning to create a new Adventure Team of his own instead of joining Tengoku, but he hasn't found a good partner yet. ",N/A,TODO,Bohai Feidan,Mist Continent,TODO,80,89 ~ 139,18 ~ 33,Mystic Purple,Psychic,TODO
Bob,Braviary,Male,Standard,"Used to be an anxious, negative, panicked mess of a Rufflet in Post Town. After the Bittercold he became a bounty hunter notorious for actively ignoring bounties placed on Pokemon who did petty crimes, and only focusing on crimes that actively hurt other Pokemon, no matter if low rank or high rank. He believes strongly in freedom for Pokemon to do what they want, but also considers hurting other Pokemon to be an attack on their freedom.",N/A,TODO,Robert Abraham,"Mist Continent, Post Town",TODO,120,47 ~ 199,10 ~ 72,Refreshing Green,Grass,TODO
Bryce,Blastoise,Male,Standard,"Bryce is the leader of Exploration Team Hydro, formerly a Rescue Team, alongside Jerry and Aston. He once joined a new team designed to rescue Team A.C.T. from Magma Cavern but fails to reach them. Even early on, Bryce appeared to prefer exploring than rescuing, and often discovered new dungeons like Western Cave and Meteor Cave. In fact, he almost reached the end of Western Cave, while teaming up with Clark of Team A.C.T. for a change of pace, but both were defeated by [MEWTWO]. Bryce is quick to anger, a feature that Clark often exploits to boost morale.",Hydro,Blue Tragedy,Brycen Delahunt,Air Continent,1964-04-09,73,48 ~ 100 ~ 195 ~ 199,10 ~ 23 ~ 87 ~ 136,Brilliant Green,Steel,TODO
Cali,Crobat,TODO,Shiny,TODO,Skull,TODO,Callisto Brandon,Grass Continent,TODO,TODO,TODO,TODO,Stunning Orange,Ice,TODO
Cammy,Meloetta ,Unknown,Standard,"Having two alter egos depending on their Forme, Cammy will appear in Paradise after defeating the Bittercold and clearing Worldcore. They are a traveler who is searching for the best music. They will then ask Dai to gather parts to build a Musical Paradise shop. After doing so; they'll want to join the team.",Tengoku,TODO,Camille Thrussell,Mist Continent,TODO,147,69,6,Fiery Red,Fairy,TODO
Candy,Butterfree,Female,Shiny,"Cole's mother. She's the first client of Eve and Adam, and asks them to save her son from a fissure that opened in Tiny Woods. Shortly after the events of the Great Meteor, her heart became Shiny as she realized everyone considered her a mother, not just Cole. She decided to adopt Cole's orphan friend Mer.",N/A,White Winged Mother,Candace Hattawa,"Air Continent, Tiny Woods",TODO,TODO,TODO,TODO,Vivid Pink,Electric,TODO
Capi,Eevee,Female,Iridescent,TODO,Star,TODO,Capella Chronos,Grass Continent,2012-11-11,250,28 ~ 79,5 ~ 18,Elegant Violet,Electric,TODO
Cef,Primarina,Female,Iridescent,TODO,Unity,TODO,Cefca Pagliaccio,Spain; Catalunya,1997-10-27,130,44 ~ 62 ~ 196,8 ~ 18 ~ 46,Vivid Pink,Psychic,TODO
Cham,Magearna,Female,Shiny,TODO,TODO,TODO,Chamomile Scheherazade,TODO,TODO,TODO,TODO,TODO,TODO,TODO,TODO
Charl,Magnemite,Unknown,Standard,"Charl was stuck with Magne in Thunderwave Cave before getting rescued by Eve and Adam. When Ganden unlocked Friend Areas; they ask [WIGGLYTUFF] to give the Power Plant Friend Area to Eve. Magnus joins Ganden. after seeing Magnus's huge success despite not evolving, Charl joins as well. Later, they join team M.P.D., a first-of-its-kind Justice Team.","M.P.D., Ganden",Army Of Authority,Charles Rodewald,Air Continent,TODO,TODO,TODO,TODO,TODO,Psychic,TODO
Cinder,Moltres,Female,Standard,"Cinder is encountered in Mount Blaze when Adam is trying to prove Eve's innocence. They are forced to face her in battle, and after defeating her, promise her that they will try to stop the natural disasters. She screeches often and is very intimidating, even screeching when she's doing something mundane like preparing to take off.",N/A,TODO,Cendrillon,Air Continent,TODO,TODO,TODO,TODO,Stately Silver,Dragon,TODO
Claire,Vulpix,Female,Standard,TODO,TODO,TODO,Claralaine Hanley,TODO,TODO,TODO,TODO,TODO,TODO,TODO,TODO
Clark,Charizard,Male,Standard,"Clark was Bryce's rival. To defeat him, he decided to join Alder and form Team A.C.T., the third Rescue Team in the world to achieve Gold Rank. He tends to be very hotheaded, as demonstrated by fearlessly demanding another round when Aster got up from Eve and Adam's onslaught. He got tricked by Giuda to lead the hunt when Eve and Adam became fugitives. Clark and his team was led all the way up to Mount Freeze, where he found out first hand that Eve was innocent. When [GROUDON] awakens and starts an earthquake, Clark and his team decide to make up for their mistake by taking down [GROUDON]. Even then, [GROUDON] proved to be too much, and he needed to be saved by Eve and Adam. When Ganden surpassed A.C.T. to become the greatest team in Square Town, and he saw Alder dedicating more of his time helping Ganden out, he decided to also take more of his time being an independent rescuer when not working with A.C.T.. He put his rivalry with Bryce aside and started taking missions together for a change of pace. When they got defeated by [MEWTWO], and he watched as Ganden defeated him, he convinced both Alder and Terry to research Megaevolution with him so they wouldn't fall behind the new generation.",A.C.T.,Red Comedy,Clarikus Zellweger,Air Continent,TODO,150,58 ~ 100 ~ 163 ~ 161 ~ 166,8 ~ 19 ~ 92 ~ 99 ~ 94,Clear Aqua Blue,Poison,TODO
Claus,Celebi,Female,Iridescent,"Being born in the Future Of Darkness, the World Paralysis caused her time powers to weaken more and more every day. Although she can traverse short distances on her own, for longer journeys spanning multiple generations she relies on the Passage of Time at the end of Deep Dusk Forest. Lucas found her and took care of her, which caused her heart to become Shiny very early on. She later joins Lucas and Vega's Planetary Investigation Team, and assists them in escaping to the present to retrieve the Time Gears. She later had to do it again when Lucas, Vega and Lyra were brought back to the future from Garland, but their escape is disrupted by Garland and hindered by Primal [DIALGA]’s interference. However, thanks to quick thinking, the team manages to temporarily outpace their foes and secure their way back, at the cost of Claus getting caught. [SPIRITOMB] kept her prisoner until Lucas was lured into their trap. They almost were all defeated, until at the very last second Vega and Lyra clicked the last Time Gear in place in the past, and time slowly resumed flowing. Primal [DIALGA], afraid of disappearing, went on a frenzy and fled to Vast Ice Mountain to go back to the past and defeat Vega and Lyra, but was ultimately defeated by Claus, Lucas, and Garland before he could. Lucas picked her up to watch the sunrise together while they disappeared, but they were all spared from being erased from history, presumably by [ARCEUS]. After spending a ridiculous time and effort rebuilding the world, [DIALGA] gave Claus one final gift for their heroic actions: Access to Vega and Lyra's separate timeline. Lucas and Claus became leader and partner, and both of their hearts became Iridescent Color when they married.",Planetary Investigation,"The Grass Summoner, The Seeker Of Sunrises",Claus Pine,Grass Continent,TODO,195,55,4,Elegant Violet,Normal,TODO
Codd,Zeraora,Male,Iridescent,TODO,N/A,TODO,Cordium Branford,China; Hong Kong,1940-11-27,255,184,84,Clear Aqua Blue,Dragon,TODO
Cole,Butterfree,Male,Iridescent,"Cole is the first Pokémon rescued by Eve and Adam; when he falls into a fissure in Tiny Woods. Cole wanted to join Ganden more and more every day as they helped him with many things, like rescuing his friend Mer, being protected from Team Meanies, and even received gifts from Eve herself. Cole is one of the only Pokémon to wish the player and the partner luck before they leave as fugitives, and vouch for them until their return. He also helps build their Team Base as his first training to join Ganden. His heart became Shiny when his mother Candy adopted Mer, and Iridescent when he evolved and decided to join Ganden for good shortly before Mer.",Ganden,White Winged Son,Collins Hattawa,"Air Continent, Tiny Woods",TODO,TODO,TODO,TODO,Energetic Yellow,Poison,TODO
Cone,Marowak,Male,Standard,"Conrad noticed Teams always had to waste time diving inside dangerous dungeons in order to train or gather more items. No more, he said! Conrad built Marowak Dojo, which allows Teams to tackle as many mazes as they want per day to gather experience, items, and countless of other advantages. It was less successful than expected and had to be renovated often, until Vega and Lyra fell in love with the concept and used it so much that a secret, Final Maze's entrance fell from the wall. Absolutely not intentional at all, nope.",N/A,TODO,Conrad Meyer,Grass Continent,TODO,96,35 ~ 103,5 ~ 40 ~ 32,Cool Sky Blue,Psychic,TODO
Connor,Carracosta,TODO,Shiny,TODO,N/A,TODO,Connor Kaledvoulch,Water Continent,TODO,TODO,TODO,TODO,Uplifting Pink,Flying,TODO
Conway,Chatot ,Male,Shiny,TODO,Pukurin,TODO,Conway Driscoll,Grass Continent,TODO,190,71,3,Uplifting Pink,Grass,TODO
Coop,Froakie,Male,Iridescent,"Cooper was an ancient Human who dedicated his entire life to Selene's cause, stopping violence and tension between Pokémon all over the world. He had immense adoration towards Selene, and would often team up with her. One day, a Continental War became so violent that it caused Dark Matter to manifest. This convinced Selene that if she kept defeating Dark Matter, she could destroy all the violence that keeps building up in Pokémon, and balance out the world by taking all Pokémon's pain head on against her own skin. After each attempt however, Dark Matter would reappear stronger than before. So instead she asked for help from Cooper, her most trusted human, to come up with a plan to get rid of Dark Matter once and for all. They needed people as strong as them, but without their painful memories, so Selene and Cooper settled on resetting their memory and turning into ordinary Pokémon, a Fennekin and a Froakie. But to make sure they wouldn't fail, they also went to the Tree Of Life and crafted Harmony Scarves with its fibers, so they wouldn't get turned to stone. Cooper retreated to a World Of Dark without Pokémon to mature his soul, while Selene summoned him, while also summoning herself to a date where she would be discovered in a safe location wrapped in her Harmony Scarves. This is how Selene and Cooper met again, as a Fennekin and Froakie, without memories, in Serene Village. The immense stress of the process caused their personality to change a little, but the lack of any painful memories allowed them to become incredibly powerful and have immense empathy, making friends with countless Pokémon, and eventually figuring out that all Pokémon have a good side and a bad side. This meant Dark Matter cannot be defeated because it mustn't be, but rather it must be accepted as a part of themselves. Selene later recovered her memories from [XERNEAS] and explained everything to Cooper before saying goodbye and fading away. This turned Cooper into a husk of a person. He then found out from [XATU] however, that [MEW] might be Selene. At first, when he recruited [MEW], he thought it was the wrong one, but his heart skipped beats when he saw Selene's personality traits in [MEW] slowly manifest. As it turns out, [MEW] actually caught Selene's soul into herself before she could full fade, which allowed Cooper to restore Selene with his Harmony Scarf. Now that she remembered everything, Selene wondered why Cooper would revive someone like her, who did so many mistakes in the past. Cooper told her she wanted her to start her life over, not as a Mew, but as Selene, and have the proper childhood she never had. This shocked Selene, and shattered a massive lock on her heart, which instantly brought it from Standard, to Shiny, to Iridescent, as her pure personality she locked away was suddenly allowed to spring free. No longer having to worry about being hated, Cooper became Iridescent too. Together, Cooper and Selene have been using their true personality to complete the Connection Orb and become invaluable friends with the entire world, while also finding out from each other for the first time what love feels like.",Excalibur,TODO,Cooperium Highwind Excalibur,Canada; Vancouver,2000-11-21,210,37 ~ 74 ~ 152 ~ 155,8 ~ 11 ~ 35 ~ 33,Vivid Pink,Dragon,TODO
Coren,Chimecho,TODO,Standard,"Coren prepares dinner for the Pukurin Guild and runs Chimecho Assembly; allowing Vega and Lyra to recruit other Pokémon to their team. She often teaches Vega and Lyra how to take care of Altair, and how to prepare complex meals at home.",Chronos,TODO,Cornelia Scipio,Grass Continent,TODO,TODO,TODO,TODO,Smart Marine Blue,Ground,TODO
Cross,Litten,Male,Iridescent,"Formerly just James, he is a quiet, orphan, but notorious delinquent in Solstice Academy, often getting in trouble just to spite viceprincipal Kevin. Cross seems completely immune to Kevin's terrifying lectures. He is obviously very traumatized by something, which made him obsessed with getting stronger than anyone else, but he refuses to disclose what it is. This obsession with strength and never fainting often causes him to train so hard that his legs give out, only to grit through the pain and walk to school like nothing happened. He despises weakness, to the point that at the slightest hint of himself being weak, he bursts in flames from rage. He even refuses to evolve until all his stats are maxed out, in order to reach the max quicker. When Hiroko became a human's partner and formed Team Unity, and immediately started skyrocketing in rank, he decided he was going to ""cheat"" as well by getting a partner himself and forming Team Kaizo. For some reason, Yvonne immediately offered herself, probably to keep him in check. Team Kaizo quickly became rivals with Team Unity.",Kaizo,TODO,James Crosshair Anderson,Dragon Continent,TODO,90,37 ~ 66 ~ 174,4 ~ 26 ~ 86,Clear Aqua Blue,Electric,TODO
Dai,Dewott,Male,Iridescent,TODO,Tengoku,TODO,Roudai Tengoku,Japan; Yokohama,1999-05-03,215,61 ~ 96 ~ 164,7 ~ 25 ~ 97,Deep Green,Steel,TODO
Dale,Dhelmise,Male,Standard,"A reformed former pirate who joined Solstice Village as the Shipwright, Carpenter, and Bartender of the Sailor's Cove tavern. He builds nearly indestructible ships for each student, professor, and member of the Solstice Academy, allowing them to reach it safely and defend the entire village, fending off against any threats from the Torn Seas and the Phantom Sea. Lately, he has been taking inspiration from the Solstice Academy's Humanity Library and trying to implement Hydrofoil technology and long range weapons in his boats, without compromising durability.",N/A,TODO,Herman Dallas Teach,TODO,TODO,TODO,TODO,TODO,TODO,TODO,TODO
Dami,Skarmory,Female,Standard,"Dami kidnaps Den; thinking that he is causing a recent rash of earthquakes; and brings him to Mt. Steel. However; she is defeated by Eve and Adam, who bring Den back to safety.",N/A,Steel Menace,Damira Nerak,Air Continent,TODO,46,TODO,TODO,Fiery Red,Rock,TODO
Dan,Decidueye,Male,Standard,"If there was an equivalent of human communism in Pokemon form, Dan's probably it. Completes jobs on his own without a team, sneaks into the higher ranks, then steals from them and distributes the wealth to Pokemon who can't even get out of their bed and get food. He got arrested a few times, but always bailed out by those Pokemon in need, who actually often managed to get their life back together and save up money to rescue Dan. It rarely works. But when it does, hooo.",N/A,TODO,Daniel Hood,Dragon Continent,TODO,90,22 ~ 72 ~ 159,1 ~ 17 ~ 33,Uplifting Pink,Electric,TODO
Dar,Dugtrio,TODO,Standard,Dar is Den's father. He comes to Eve and Adam one morning and tells them that his son has been away carried by [REDACTED]. After Den's rescue; the two are usually found near Pokémon Square Pelipper Post Office. He has a tendency of exaggerating his abilities to his son; claiming that he has been to sea. He later moves to Treasure Town and joins the Pukurin Guild as the manager of the two job boards.,Pukurin,Ocean Scavenger,Darya Biddulph,Air Continent,TODO,TODO,TODO,TODO,Smart Marine Blue,Water,TODO
Del,Suicune,Female,Standard,"Deluge was the ruler of Lightning field. She gets challenged, and somehow defeated by Eve and Adam, which ask her to turn the Sunset Wing into a Rainbow Wing. She gets turned to stone by Nobu alongside Surge and Inferno, and in the Voidlands, she devises a plan with Onna to bring Cooper and Selene back to the surface, pretending to command them while sending them past the Door Of Light at the last second.",N/A,TODO,Deluge ,Air Continent,TODO,TODO,TODO,TODO,Energetic Yellow,Fighting,TODO
Den,Diglett,TODO,Standard,"Den is the third Pokémon rescued by Ganden. He is carried away by [SKARMORY] who blames him and his father for causing earthquakes; prompting the team to fight it. Den is one of the few Pokemon who vouches for Eve and Adam when they become fugitives. Later, Den and his father moved to Treasure Town and joined the Pukurin Guild, inspired by Ganden's success. Den helps out with Sentry Duty, working alongside [DUGTRIO].",Pukurin,Sea Scavenger,Deniz Biddulph,Air Continent,TODO,TODO,TODO,TODO,Smart Marine Blue,Psychic,TODO
Dennis,Dedenne ,TODO,Standard,TODO,Highwind,TODO,Dionysios Fotia,Water Continent,TODO,TODO,TODO,TODO,Brilliant Green,Dark,TODO
Des,Ditto,Unknown,Shiny,"Des is the former guardian of the Limestone Cavern Time Gear. They transform into other Pokémon to convince exploration teams to stay away from the cave. They transformed into a Bellossom to tell Team Charm that trying to find the treasure was hopeless; then later into Sentret to convince them that they needed to get revenge on Team A.W.D.. Once they reached the final chamber of Limestone Cavern; Des transformed into an empty treasure chest to cause Team Charm and Team A.W.D. to fight each other so that neither would discover the Time Gear. Puck stopped the fight continuing after Team Charm knocked out Team A.W.D., and forced Des to reveal themselves. Des apologized for its deception, revealing that it was actually Bellossom and Sentret, then showed them the Time Gear. Years later, he personally delivered the Time Gear to Lucas once he learned that keeping it inside the Limestone Cavern was actually causing irreversible damage to the Temporal Tower, and would have ultimately been the actual cause of the World Paralysis. Alongside the other Time Gear guardians, he now lives in the Hidden Land.",N/A,TODO,Desharimunikai,Grass Continent,1977-11-11,66,???,???,Clear Aqua Blue,Bug,TODO
Diane,Virizion,Female,Iridescent,"A lone warrior that arrived in Post Town, everyone fawning over her. She is known for rejecting any advances (friendship or love); which includes the latest from Don, until she discovers that her latest rejection actually caused Don to get in trouble with the Pawniard Brothers. She opens up and battles the Pawniard alongside Tengoku and the others, after which she is recruited into the team. It is later revealed by Kosuke that Lewis went to the Great Glacier and sent a Frism to her, saying that he really wanted to get away from her. This caused Diane to not want to associate with anyone; thinking that everyone would betray her. However; as more and more becomes known about Lewis's whereabouts; Diane begins to leave behind her cold self for the warm; friendly Virizion that she once was. Eventually she discovers the reason Lewis left that hurtful Frism is because he didn't want Diane to follow him.",Tengoku,TODO,Dianeme Escudo,Mist Continent,TODO,146,196,196,Brilliant Green,Ghost,TODO
Digeir,Roserade,Male,Standard,"Digeir was one of Puck's childhood friends along with Sayi and Jerome. When Puck left, he married Dirun and formed Team Raider with Tun and Rand.",Raider,Royal Flower Spear,Oddigeir Blumenthal,Grass Continent,TODO,TODO,TODO,TODO,Vivid Pink,Steel,TODO
Dior,Milotic,Female,Iridescent,TODO,N/A,TODO,Dorothy,Air Continent,TODO,50,60 ~ 606,6 ~ 161,Mystic Purple,Flying,TODO
Dirun,Roselia,Female,Standard,TODO,Raider,Royal Flower Rune,Oddirun Blumenthal,Grass Continent,TODO,TODO,TODO,TODO,TODO,TODO,TODO
Divar,Budew,Female,Standard,TODO,Raider,Royal Flower Prince,Oddivar Blumenthal,Water Continent,TODO,TODO,TODO,TODO,TODO,TODO,TODO
Don,Dunsparce ,Male,Standard,"A Pokémon who dreams of becoming a first-rate adventurer and helping Pokémon in need. Initially introduced as a very shy guy and Julian's best friend; he's revealed to have taken a liking to Diane like everyone else in the town. He tries to get Diane's attention by presenting her with a gift; but gets rejected. He gets tricked by the Pawniard Brothers into going to Desolate Canyon with them and Dai, Tony, Julian and the others join him in battle against the Pawniards. He reconciles with Diane and gets automatically recruited into the team together with Julian. As Dunsparce finds and takes more and more opportunities for adventure with the player and partner Pokémon; his dreams begin to become more realistic in his eyes; and he feels he can have hope without regrets.",Tengoku,TODO,Donald Millward,Mist Continent,TODO,TODO,TODO,TODO,Clear Aqua Blue,Rock,TODO
Dora,Banette,Female,Shiny,"Dora and Orion spent their childhood teaming up and bullying other children to get what they want. They especially enjoyed bullying Puck, who for some reason gladly listened to their demands. They often convinced him to give them all the Gummies his parents would give him to share around, and ended up eating most of them. They later convinced Puck to go explore Murky Forest with them. When Aldwin revealed himself at the end of the dungeon, they fled, leaving Puck behind. Later they were part of the party that went to apprehend Aldwin. Fearing she might get arrested like Aldwin, she rethinks her life and uses a Devolve Orb to become a Shuppet again and start over. She quickly met [MURKROW] and formed Team Ebony. They usually want to get treasure, but always disagree on which one they want, [MURKROW] wanting shiny things and Dora wanting valuable things. Because of this, they rarely got any treasure at all. Due to choosing different paths, Dora and Orion also became rivals. Team A.W.D. lately has been outperforming Team Ebony, which motivated both to evolve again, and even caused her heart to become Shiny. Dora even started researching Megaevolution, with limited success due to not having a Human in her team to keep her from going berserk.",Ebony,Gift Of The Underworld,Theodora Moralez,Grass Continent,TODO,93,TODO,TODO,Refreshing Green,Normal,TODO
Duccio,Ducklett,Male,Standard,"Swanun's son. Little is known about him. He rarely comes out of Swanun's inn since he absentmindedly bumps into people often, and gets in trouble for it.",Fresh,TODO,Duccio Acquati,Mist Continent,TODO,TODO,TODO,TODO,Cool Sky Blue,Grass,TODO
Ebony,Wigglytuff,Male,Iridescent,"When Ebony and Ivory got married, their heart turned shiny. They eventually bought a house west of Murky Forest and had a kid named Puck. One day, Ebony went mountain climbing with his son, Puck. When they were climbing down the mountain; Ebony was almost crushed by a falling boulder; but Puck crushed it in an instant, which made Ebony wonder if his son had massive untapped potential. Ivory and Ebony were pleased when Puck told them he had made a new friend—Aldwin—not realizing he was an outlaw. When Paris informed them that Puck was traveling with an outlaw through Fortune Ravine, they accompanied him to apprehend Aldwin and save Puck. Inspired by Puck becoming a world class Explorer and Guildmaster, his heart became Iridescent, and he now owns a business selling Friend Areas in Square Town.",Origin,The Father Of All Things Bad,Ebony Pomeroy,Air Continent,TODO,TODO,TODO,TODO,Smart Marine Blue,Flying,TODO
Edan,Goodra,Female,Iridescent,"The battle medic of Solstice Academy. She is scary quick at stopping fights between students, and also provides instant heals when Sheng teaches the students how to battle. This provides a safe environment where everyone can experiment strategies they usually can't afford to try in dangerous Mystery Dungeons, and master the most effective ones.",N/A,TODO,Eadaoin Bourne,Dragon Continent,TODO,40,28 ~ 83 ~ 199,2 ~ 16 ~ 147,Vivid Pink,Fairy,TODO
Eddy,Cobalion ,Male,Iridescent,"Former leader of the Swords Of Justice, before Lewis became worthy. Unfortunately, Team Swords Of Justice didn't last long, as it quickly disbanded once Lewis disappeared and Diane became disillusioned and convinced that friendship was not real. When Diane joined Tengoku and found Lewis again, he decided to train, and reappeared years after in Noe Town. One thing lead to another, and Eddy convinced Rocco to join Team Tengoku alongside Diane and Lewis.","Tengoku, Swords Of Justice",TODO,Edward Escudo,Mist Continent,TODO,146,246,257,Brilliant Green,Ghost,TODO
Egha,Victreebel,Male,Standard,"Egha was born in Square Town. Usually hanging around by the Pelipper Post Office next to the notice board, or in Square Town's, uh, town square. He's often been isolated and didn't know much about the world around him, so he seemed secretly interested in lores and legends despite pretending that he doesn't believe them, often sneaking around to listen to them. Eventually he would notice that more and more lores and legends became real, and in fact, many of them not only started visiting the very town he lived in more often, such as Team ACT, Team Hydro, or [HO-OH], but even new ones would start to form, like Team Ganden. Tales are always based on reality, even if only partially. He decides he also wanted to become a legend, but unfortunately, the result of this was Team Flame, a team with Egha as the leader, and [CAMERUPT] and [PONYTA] as the partners. Ouch. 🔥",Flame,TODO,Eghard,Air Continent,TODO,TODO,TODO,TODO,Gentle Mint Green,Dragon,TODO
Eimi,Arbok,Male,Standard,"Used to be the brawn of Giuda's Team Meanies. Their goal was to reach world domination by manipulating other teams. After being defeated by Team Ganden, they planned to use Square Town against Eve and Adam to get rid of them. This only allowed Team Ganden to skyrocket in strength, ranking, and popularity once they not only returned from Mount Freeze unscathed, but proved that Eve was not the human in the Ninetales legend. This gave Team Meanies a harsh reality check, and they focused on dominating the world not by manipulating others, but by becoming superior themselves, with feats such as getting through Wish Cave, or defeating Eve and Adam on their own. Later, when Giuda and Eve saved Hildegarde, and Giuda revealed to everyone he was the selfish human in the Ninetales legend, the team ultimately disbanded. Pauline embraced her good side and joined Team Charm to help out the now amnesiac Hildegarde, while Eimi embraced his evil side and joined Team AWD to make something good out of his thieving skills. This caused the two teams to become rivals.","A.W.D., Meanies",TODO,Eimichidna Gujic,Air Continent,TODO,175,177 ~ 333,6 ~ 64,Clear Aqua Blue,Ground,TODO
Eleri,Meganium,Female,Standard,Eleri lives in Gardenbeach Village. She REALLY likes Evolving and Devolving. Nobody knows why. What a goober.,N/A,TODO,Eleriin Moloney,Sand Continent,TODO,143,121 ~ 160 ~ 207,8 ~ 17 ~ 83,Vivid Pink,Ice,TODO
Elise,Articuno,Female,Standard,"Unlike the other legendary birds, Elise has been having trouble guarding Mount Freeze, since it also required guarding Frosty Forest at the same time. She met Anto, who volunteered to help. One day, Elise attacks Eve and Adam when they reach the end of Frosty Forest, accusing them of causing the forest's usually frigid cold air to warm up. Even after being narrowly defeated, she almost gets up again, but Anto steps in to inform her that Adam's accounts of similar disasters occurring all over is true. Elise eventually believes Anto, and allows the team to continue on.",N/A,TODO,Elisabeth,Air Continent,TODO,TODO,TODO,TODO,Cool Sky Blue,Poison,TODO
Ella,Musharna,Female,Standard,"Ella, along with Eres; first appears in Dai's dream prior to coming to the Pokémon world. Dai believes they must rescue Ella from Eres, but later discovers that Ella works for Zanku; and is in fact out to destroy Dai. After she and her friends are defeated by Dai and Tami, she continues to persist; saying that it would be better for everything to simply end. Tami eventually reminds Ella that even though she wants to end the world, she still tried to make friends to accomplish this goal, and she doesn't want them gone. She decides to cheer Dai and Tami on during the final battle with the Bittercold. She has since reformed her gang into Team Warmspice, but even though she's the leader, she's rarely seen around, probably out of sheer guilt for what she's done.",Warmspice,Lady Ella,Eleanor Hilink Arbiter,Mist Continent,TODO,147,54 ~ 107,21 ~ 60,Stunning Orange,Fire,TODO
Elto,Brionne,Unknown,Iridescent,"Joined the Solstice Academy back when he was a Popplio, initially just to admire Cefca, but lately his ''admiration'' caused him to develop... identity troubles. He saved up money and purchased a Gender Capsule, and became a girl! ...then a few months later she did it again. ...then he did it again. ...then she did it again. Despite how expensive it is, how much work it requires, and how much trouble it causes him, he seems happier now?",N/A,TODO,Elton Armada,Dragon Continent,TODO,66,45 ~ 63 ~ 199,9 ~ 19 ~ 50,Stunning Orange,Poison,TODO
Epsi,Eeveon,Unknown,Standard,You feel like you want to cry. You feel like you want to smile.,N/A,"The Dragon Summoner, The Power Of Pokemon, ε",Epsilon,TODO,TODO,TODO,TODO,TODO,TODO,TODO,TODO
Eres,Hydreigon,Male,Iridescent,"Eres is the physical embodiment of the Voice of Life and is the one who summoned Dai into the Mist Continent. He is originally thought to be the villain due to a vision Dai receives of Ella being chased by Eres before entering the Pokémon world; but he saves Dai from being destroyed by Ella's gang and later explains his intentions of bringing the player into the Pokémon world in order to destroy the Bittercold. He is defeated by Zanku; but later returns to escort the player back to the human world. He decides to join Team Tengoku to keep Tami company and help look for a way to bring Dai back, travelling with Tami all the way through Worldcore to assist. In all; he is a very polite and silly Pokémon. He can often be found at Swanun's, eating ravenously.",Tengoku,"The Mist Summoner, The Voice Of Life",Ereshkigall,Mist Continent,TODO,170,89 ~ 140 ~ 202,16 ~ 44 ~ 153,Stately Silver,Bug,TODO
Erma,Garbodor,Male,Standard,"A resident of Post Town. After it was announced that there was a suspicious Pokémon hanging around the town; he hangs out at the crossroads. He refuses to enter Post Town; afraid that the townspeople would suspect it was him. After Kosuke is revealed; he returns to the town. He ends most sentences with ""trubb-trubb"", or ''garb-garb"" after evolving.",N/A,TODO,Ermani,Mist Continent,TODO,TODO,TODO,TODO,Refreshing Green,Ground,TODO
Ermin,Manectric,Male,Standard,"The alpha of a feral tribe of Manectric and Electrike living deep in Amp Plains. His tribe was always at war with a Shinx tribe, until Vega and Lyra recruited the entire tribe out of nowhere, gave them education, freedom, and even scarves? The same Vega and Lyra that defeated him when looking for a Water Float? And Sirius, his archrival, became a world class Explorer? Unacceptable. His new resolve to defeat Sirius turned his heart Shiny, and he became more ferocious than ever. He unlocked Megaevolution, but since he cannot have a human in his tribe, he often goes Berserk from instability.",N/A,TODO,Erminigild,Grass Continent,TODO,TODO,TODO,TODO,Uplifting Pink,Fire,TODO
Euni,Purugly,Female,Standard,She's first seen teamed up with Todd chasing Ai and Kosuke in search of the Entercards. When Kosuke makes it safely to Post Town; they catch Ai and search her but don't find the Entercards; due to Ai hiding them with [SWADLOON]. They are then defeated by Dai and Tami. It is later revealed that they work with Ella; Zanku; and the Bittercold. Like Ella; they also change their minds about the world's destruction and cheer on Dai and Tami during the final battle.,Warmspice,TODO,Eunice Cheshire,Mist Continent,TODO,TODO,TODO,TODO,Refreshing Green,Normal,TODO
Eve,Delcatty,Female,Iridescent,"As a human, Eve had depression, a problem that she tried to dismiss and hide because of how common it was among other humans where she lived. When Hildegarde summoned her, she asked her to reset her memory so it wouldn't cause problems. On 2005-11-17, at 14 years old, Eve was found passed out in Tiny Woods by Adam and formed Rescue Team Ganden with him, obtaining his Normal Type house he accidentally obtained on his birthday and using it as her base. Ever since, her loyalty towards him was unbreakable, to the point she decided to protect him from the entirety of Square Town when she was exiled. She followed him and protected him across the entire continent just so the two could meet Ninetales and prove that she was innocent. Since then, they dedicated their lives repairing the damaged relationship between the isolated Legendaries and Mythicals, and the ordinary Pokemon civilizations. After Adam started becoming more and more distant, and she started regaining her memory, her fear of abandonment by the only person that believed in her caused her heart to turn Shiny. Her heart then became Iridescent when she convinced Adam to live with her. Adam and Eve married at midday in 2009-01-01. ||| Having experienced first hand how common depression can be as a human, and how easily it can be healed with a loving partner, Eve developed immense empathy and wisdom. Especially as she got older and more experienced with Adam's rescue team work, she developed a love for helping out Pokemon. While Adam focused on helping as many Pokemon as possible, she used her wealth and expertise on the ones who need help the most, especially children who needed someone to kickstart their dream, or Legendaries and Mythicals who became disillusioned with ordinary Pokemon. Although she can pacify large Pokemon with her terrifying status effects and stratagems, her body isn't that strong, and she dislikes wasting time on excessive training. This is why this **Commander** becomes terrifying when she can count on someone ridiculously fast and powerful like Adam to deliver a devastating final blow in her strategy.",Ganden,Divine Woman,Evelyn Ganden,United Kingdom; Liverpool,1991-05-11,255,56 ~ 101,11 ~ 29,Stately Silver,Fairy,TODO
Ferdi,Farfetch'd,TODO,Standard,"Ferdi is a literature teacher at the Serene Village school. His ""literature"" amounts to nursery rhymes that cause the students to fall asleep. He gets kidnapped by [SOLOSIS] and the Litwick while patrolling the school at night. Wow, what a huuuge wimp, heh. What? N-no, I'm not a Pancham!! Why would the great Simeon even WANT have access to the Nexus description entries, he's way too cool for that!! Buzz off!!",N/A,TODO,Ferdinand Germund,Sand Continent,TODO,TODO,TODO,TODO,Stately Silver,Dark,TODO
Fergus,Turtwig,Male,Standard,TODO,N/A,TODO,Ferguson Lockhart,TODO,TODO,80,37 ~ 145 ~ 365,10 ~ 130 ~ 522,Smart Marine Blue,Steel,TODO
Fiamme,Vulpix ,Male,Standard,TODO,N/A,TODO,Fiammetta,Fire Continent,TODO,115,66 ~ 143,10 ~ 24,Subdued Brown,Ice,TODO
Fili,Pawniard,Male,Standard,"They scam [DUNSPARCE] with a deal of getting stronger to get Diane to be his friend. Once he realized this they started to attack him, but Dai and Tami appeared, and it becomes 3 on 2 until they call their goons and it becomes 6 on 3, then Diane, then Julian, then Tony... The ''reinforcements'' piled up until it became a very inefficient furball. The Pawniard Brothers lose and flee... they kept ''losing and fleeing'' ever since.",Pawniard Brothers,TODO,Filiberto Brose,Mist Continent,TODO,TODO,TODO,TODO,Refreshing Green,Psychic,TODO
Fio,Braixen,Female,Iridescent,TODO,Unity,TODO,Fiore Forner,TODO,1998-08-09,122,39 ~ 88 ~ 147 ~ 148,9 ~ 16 ~ 40 ~ 41,Uplifting Pink,Water,TODO
Frank,Aggron,Male,Standard,"Frank lived in Gardenbeach Village. His rival is Hank, while he seems to be good friends with Ingri. Team Advent's sudden rise convinced him to train and unlock his Megaevolution. He often uses Ingri and [SPINDA]'s drink expertise to grow stronger quicker. He eventually did master Megaevolution, but often gets in trouble due to going Berserk from not having a human nearby to stabilize him, so he often has to get rescued by Team Advent. From time to time he helps apprehending criminals and delivering their sentences with the retribution system.",N/A,TODO,Franklin Mercer,Sand Continent,TODO,76,41 ~ 93 ~ 222 ~ 241,64 ~ 128 ~ 512 ~ 633,Elegant Violet,Ghost,TODO
Frey,Sylveon,Female,Iridescent,TODO,N/A,TODO,Freya Strand,TODO,TODO,TODO,TODO,TODO,TODO,TODO,TODO
Fukura,Meowstic,Female,Iridescent,"Fukura is a student at the Serene Village School. She is orphan, but hard-working; mature; intelligent; and observant. She seems to be afraid of nothing, and absolutely loves Ghost types despite her own typing. Fukura is described by Simeon and Thancrat as being one of the few students at the school who actually possesses natural talent. She does not speak much unless spoken to; and is typically quiet. She later assists Akira, Team Excalibur, and the Expedition Society in defeating Dark Matter. She finds Selene very annoying when she does her beaming pose, but overall admires Excalibur and humans, just like Naomie. She recently evolved to keep up with Gory.",Sunny,TODO,Fukurashi Masahiro,Water Continent,TODO,TODO,32 ~ 64,2 ~ 8,Vivid Pink,Ghost,TODO
Gab,Oranguru,TODO,Shiny,"Will, Gab, and Gav, manage together Explorer Express, a railway that goes through the entirety of Dragon Continent. Will was caught by Lovrina while she was Shadow Type, but was saved by Team Unity, Gab, and Gav. They now pay Team Unity to sponsor the Explorer Express whenever they can.",N/A,TODO,Gabriel Oursler,TODO,TODO,TODO,TODO,TODO,TODO,TODO,TODO
Garol,Dusknoir,Male,Iridescent,"Garland was Primal [DIALGA]'s henchman from the Future Of Darkness. He was sent back in time to pursue Lucas, a Grovyle, and Vega a Human, and stop them from restoring time, which would cause everyone from the Future Of Darkness to disappear. In the present, he successfully pretended to be a lone, teamless Explorer who had exceptional wisdom. He arrives in Treasure Town and the Pukurin Guild, where he finds out Vega was turned into a Riolu and lost all memory. He decides to trick Vega, Lyra, and the rest of Grass Continent to apprehend Lucas for stealing the Time Gears. After Lucas is caught and sent back to the future, he pulls Vega with him to execute him alongside Lucas, and Lyra as well to avoid her from ruining their plans. Somehow, Lucas, Vega and Lyra escape execution. Initially furious, he realizes he can follow them so he can catch Claus and prevent them from using the Passage Of Time. When the trap works, he smugly reveals to Lucas that the Riolu next to him was Vega all along. This unfortunately enrages Vega, and ESPECIALLY Lyra, who instantly comes up with a plan to allow Claus to teleport the three near the Passage Of Time, allowing them to escape. Garland, knowing they will eventually reach the Rainbow Stoneship on the Hidden Land, asks Primal [DIALGA] to travel them there so he can intercept them, but Lucas sacrifices himself to drag Garland with him to the Future Of Darkness and allow Vega and Lyra to restore Temporal Tower. Garland wakes up shortly before Lucas and devises a plan with one of the Sableye: He instructs the Sableye to take Claus to Icicle Forest, then 'betray' him under the appearance of Primal [DIALGA] having ordered his replacement after his defeat at the Hidden Land, then manipulate events so that Lucas will be caught in an electric field at the end of the Icicle Forest with the help of the same Spiritomb that attacked Lucas before, causing Lucas's spirit to melt away and allow Garlandto possess his empty body, travel to the past again, and defeat Vega and Lyra. Unfortunately, while teaming up with Lucas, he made a mistake: He asks Lucas why he's willing to sacrifice his life to change the past. Lucas explains that he believes it better to live a short life with glory and accomplishment than a long, empty life, noting that he would one day depart from life even if the past isn't changed and thus the length of his life should be less important than the deeds done in his life. He also adds that if he were to do something big (like stopping the planet's paralysis), even if he were to disappear, his actions would be remembered, and so he wouldn't truly disappear. This caused immense internal conflict in Garland, so much so that when Lucas does get caught in the trap, and out of nowhere he begs Garland to remember what his heart truly wants, he becomes distressed and saves Lucas at the last second, which enraged Primal [DIALGA]. They almost were all defeated, until at the very last second Vega and Lyra clicked the last Time Gear in place in the past, and time slowly resumed flowing. Primal [DIALGA], afraid of disappearing, went on a frenzy and fled to Vast Ice Mountain to go back to the past and defeat Vega and Lyra, but was ultimately defeated by Claus, Lucas, and Garland before he could. Garland asks Lucas one final question as they vanish: whether this sacrifice is worth his life. With Lucas's assurance that it is, he finally feels content for the first time in his life and vanishes with no regrets. Later, Garland wakes up at the top of Vast Ice Mountain again, and finds out from [DIALGA] that [ARCEUS] stopped this timeline from disappearing and allowed it to keep existing. It takes a while for him to get used to a world where the sun rises every 24 hours, but once he does, he realizes this only became possible by trusting none other than his own worst enemies. This restores an immense amount of trust in Garland's heart, which caused him to join the Planetary Investigation Team, and his heart to become Shiny.",Planetary Investigation,TODO,Garland Dimitri,Grass Continent,TODO,195,81 ~ 169 ~ 258,14 ~ 29 ~ 77,Stunning Orange,Fighting,TODO
Gary,Scrafty,Male,Standard,"An Outlaw that worked with Tony to scam Dai and Tami out of gems. While Gary doubled down and got apprehended, Tony was eventually convinced by Dai and Tami to resume his profession as a carpenter. Gary spent... an undefined amount of time being ''punished'' by Jerome, and now works in Paradise as a Move Linker, Move tutor, etc.",N/A,TODO,Garibald Alexis,Mist Continent,TODO,60,52 ~ 126,12 ~ 35,Refreshing Green,Rock,TODO
Gasto,Weezing,TODO,Shiny,TODO,Skull,TODO,Gastone Wallace,Grass Continent,TODO,TODO,TODO,TODO,Vivid Pink,Ghost,TODO
Gav,Passimian,Male,Shiny,"Will, Gab, and Gav, manage together Explorer Express, a railway that goes through the entirety of Dragon Continent. Will was caught by Lovrina while she was Shadow Type, but was saved by Team Unity, Gab, and Gav. They now pay Team Unity to sponsor the Explorer Express whenever they can.",N/A,TODO,Gavriel Oursler,TODO,TODO,TODO,TODO,TODO,TODO,TODO,TODO
Gismo,Excadrill,Male,Standard,"Used to be one of [GABITE]'s workers in the Drillbur Coal Mine. [GABITE] eventually gave Gismo his freedom after getting embarrassed by Cooper and Selene. Now he has evolved and he's simply wandering around aimlessly to figure out what he wants to do, although he seems to be popular with girls for some reason...",N/A,TODO,Giselmund Seuss,Water Continent,TODO,60,31 ~ 76,9 ~ 44,Uplifting Pink,Grass,TODO
Giuda,Gengar,Male,Iridescent,"Giuda was a human that became Hildegarde's trainer. One day Giuda climbed up to Mount Freeze, and touched Inari's tails, which angered her and made her charge a horrible curse. Hilda shielded Giuda, but he decided to abandon Hilda out of fear. His memory is fuzzy after that, only remembering that one day he woke up as a Gengar. He accepts this new evil self, and when Giuda encounters Pauline and Eimi, he decides to form the very creatively named Rescue Team Meanies to ""dominate the world"". As the leader of Meanies, he often antagonized Eve and Adam, stealing their mail, taking their missions, and threatening their friends to join Team Meanies if they complete a job before Team Ganden does. Unfortunately, they had little success. But Giuda then discovered by eavesdropping on Eve, Adam, and [XATU] that Eve might be a human, so he ends up successfully convincing Square Town that Eve is the human that betrayed Inari. This causes everyone, including Team A.C.T. who already had suspicions, to hunt down Eve and Adam while Giuda, Pauline, and Eimi enjoy loafing around in Square Town. Right as the town starts being suspicious of Giuda not hunting down Eve and Adam, they return and bring proof from Inari and [PELIPPER] that Eve is innocent, causing the town to chase once again, but this time with Team Meanies as the target. He started heavily resenting Eve and Adam, occasionally entering the town again to discourage them from dangerous missions, only to remain speechless at their apparent immunity to fear. He was convinced all humans have evil deep within them, and if Eve was so fearless, it must be because of a dark secret she has, so one night he uses Dream Eater while she's sleeping, only to find out that Hildegarde became the Agent Of Spirits and summoned Eve as a human meant to defeat a calamity about to his the continent. He also finds out Hildegarde never forgot about Giuda, nor does she hate him, even though he was the cause of her current state. Heartbroken by this, Giuda decided to help Eve behind the scenes, by helping Alder and [XATU] create the Teleport Gem, then saving Eve and Adam from becoming spirits after the Great Meteor's explosion, while still pretending to be a villain. Following this he hanged out with Pauline and Eimi less often, trying to climb Mount Freeze to reach Inari, but to no avail. He reached the painful conclusion that he must ask a very pissed off Eve's help to reach it. At the peak, he threatens Inari to release Hildegarde from the curse, but finds out that the only way was to take a 9-Tail Crest to Murky Cave, where he might be able to unseal Hildegarde. Once again, he is forced to ask Eve's help to reach the depths of Murky Cave, where he places the Crest into a dais. They are greeted by a mysterious, apparently formless being known only as the ""judge of darkness"", who immobilizes Giuda and asks Eve to answer the questions in Giuda's stead, since Giuda would never reveal his true feelings. Despite Eve's best efforts to paint Giuda's true feelings in a good light, the judge declares the curse unliftable. Desperate, Giuda breaks the seal and begs for a chance to say his piece, admitting he abandoned Hildegarde to save himself, living his life without a care, but after discovering Hildegarde deemed him irreplaceable, and Eve brought him to this point, despite everything he did, he broke into tears and found what he had been missing all along was a sense of gratitude. This finally broke the curse and restored Hildegarde. The judge told Giuda she won't have any memories, which Giuda accepts as punishment, simply stating that her being safe was enough for him. Giuda says goodbye to Hildegarde and Eve one last time, giving his Mobile Scarf to the latter, before disbanding Team Meanies for good. Nobody knows where he is right now.",Meanies,TODO,Yehudah Zero,TODO,TODO,TODO,TODO,TODO,Stately Silver,Electric,TODO
Gold,Cofagrigus,Male,Standard,"Runs the Glorious Gold shop in Post Town; buying gold bars in return for money or items. He doesn't sell gold bars; as he appears to be quite fond of them. He refers to gold bars as ""sparklies"". He often laughs maniacally.",N/A,TODO,Goldie Goldberg,Mist Continent,TODO,TODO,TODO,TODO,Uplifting Pink,Bug,TODO
Gordon,Arcanine,Male,Iridescent,"Gordon is an Arcanine who seems to be in charge of Battle Town in Fire Continent, despite actually not living there. Very little is known about him or his whereabouts, other than the fact everyone obeys everything he says out of fear, including certain people who live outside of Fire Continent.",N/A,TODO,Gordon Leonhardt,TODO,TODO,TODO,TODO,TODO,Deep Green,TODO,TODO
Gory,Goodra,Male,Iridescent,"Gory is the leader of Team Sunny. Of all the Serene Village students; he is the youngest; and used to be rather cowardly. Despite that; he was able to summon his courage when challenged or made fun of; showing he disliked being underestimated; and is determined to show his value. After Dark Matter was defeated, Cooper noticed he seemed to be a parallel to Selene, as Gory lacks confidence in himself. This convinced Cooper to train the Serene Village school. Gory evolved into a Goodra and became the leader of Team Sunny.",Sunny,TODO,Gregory Apollion,Water Continent,TODO,40,33 ~ 82 ~ 241,3 ~ 19 ~ 196,Cool Sky Blue,Ground,TODO
Gretel,Marill,Female,Standard,"Gretel is Hansel's bigger sister. When Gretel; Hansel; and Herman go to Mt. Bristle; Gretel is left behind. Later; Gretel and Hansel tell Vega and Lyra about the water float in Amp Plains. She used the water float to cure Aenor, her mother, from an unknown illness.",Tidal,TODO,Gretel Marida,Grass Continent,TODO,TODO,TODO,TODO,Fiery Red,Electric,TODO
Gunda,Crustle,Male,Shiny,"Used to be a Dwebble that hanged around Post Town in search for the perfect rock to live in. He eventually used a giant boulder to Evolve into a Crustle, and turned his heart Shiny. Easy to please...",N/A,TODO,Gundisalvus Gehring,Mist Continent,TODO,TODO,TODO,TODO,Fiery Red,Water,TODO
Gwen,Furret,Female,Standard,She stroll.,N/A,TODO,Gwenda Stroll,Mist Continent,TODO,33,76 ~ 194,6 ~ 31,Brilliant Green,Flying,TODO
Habi,Jirachi,Male,Shiny,"Jirachi is found at the end of Wish Cave; and will offer to join the player's team once defeated. If the player has a Wish Stone and declines Jirachi's offer to join; it will grant the player a wish; such as lots of money; a free Friend Area; or the recruitment of a random non-legendary Pokémon. Jirachi is an astronomer in the Expedition Society. Born in Star Cave; he spends his time observing the patterns of the stars. When he falls asleep; he is not easily woken up, although Evelyn's singing seems to cause the opposite effect...",Highwind,TODO,Shihabi Narke,Air Continent,TODO,190,31,2,Cool Sky Blue,Grass,TODO
Hadrian,Absol,Male,Iridescent,"Hadrian is a professor of Solstice Village. His subjects are Evolution, Devolution, Megaevolution, Awakening, Berserk, Egg moves, Offspring calculation, and Breeding. Due to his immense power, people keep confusing him for Anto, despite clearly looking very different to people who know what Anto looks like. Despite the Absol line cannot evolve, he spent a long time researching Evolution all over the Air Continent and the Water Continent, and even contacting a few humans, before he mastered Megaevolution with them. Nowadays, he researches Devolution with the Academy, and rewards students who find out anything about it, especially if they find any use cases that make such a counterintuitive process actually useful. He is very protective of his students.",N/A,TODO,Hadrianus Seraphim,Dragon Continent,TODO,86,119 ~ 120,49 ~ 52,Elegant Violet,Flying,TODO
Hal,Sylveon,Male,Iridescent,"A Sylveon that got lost in floor 1 of Foreboding Forest and had to be rescued by Vega and Lyra. Wow, for being a dragon slayer, he sure is a huge bottom. Despite this, he somehow managed to become the mayor of Eevellage, despite his massive confidence issues and always having to ask Ton for advice.",N/A,TODO,Halcyone Beri,Water Continent,2006-10-30,66,39 ~ 93,6 ~ 21,Energetic Yellow,Fire,TODO
Hank,Mamoswine,Male,Standard,"Hank lived in Sand Continent. His rival is Frank, while he seems to be good friends with Ingri. When Frank started training like hell, he followed behind, not to be outdone by him. He was slightly devastated when he found out Mamoswine couldn't Megaevolve, while Aggron could, but he also found out Frank can't stay Megaevolved for too long without going berserk, due to not having a human to stabilizie him. He often uses this to his advantage to defeat him, which only makes Frank angrier and stronger. They often headbutt, until an outlaw interrupts them, then they team up to kick the outlaw into space, before resuming their fighting as if nothing happened.",N/A,TODO,Hankor Payne,Sand Continent,TODO,TODO,TODO,TODO,Refreshing Green,Bug,TODO
Hansel,Azurill,Male,Standard,"Hansel is the younger brother of Gretel. Their mother Aenor is ill; so they do errands for her; such as the shopping; while also looking for a Water Float that they had lost, and needed to heal Aenor. When Vega picks up an Apple that Hansel dropped; he experiences his ''first'' Dimensional Scream. Hansel is later taken to Mt. Bristle by Herman and must be rescued by Vega and Lyra. The Water Float eventually turns up at the end of Amp Plains. Later Hansel falls into a nightmare and cannot be woken. Vega and Lyra get help from Herman to  enter Hansel's dreams and try to find out why. Hansel is woken by Cresselia once Hades was revealed.",Tidal,TODO,Hansel Marida,Grass Continent,TODO,TODO,TODO,TODO,Clear Aqua Blue,Rock,TODO
Heki,Tapu Koko,Unknown,Shiny,TODO,N/A,TODO,Hekili,TODO,TODO,TODO,TODO,TODO,TODO,TODO,TODO
Helen,Nidoqueen,Female,Standard,Paris's wife. What? What did you expect? A Rayquaza~?,N/A,TODO,Helenia Basilium,Fire Continent,TODO,73,44 ~ 83 ~ 145,7 ~ 24 ~ 73,Clear Aqua Blue,Water,TODO
Henry,Espeon,Male,Iridescent,An Eevee turned Espeon bartender in the Eevellage's Rest. Likes Rachel a lot. Drinks a lot. Faints a lot. Also performs maintenance of the Containment Daycare.,N/A,TODO,Henrikus Navarro,TODO,TODO,86,36 ~ 87,7 ~ 28,Smart Marine Blue,Electric,TODO
Herman,Drowzee,Male,Shiny,"Herman was a former outlaw known for never leaving any trace of his previous crimes. He traveled to Treasure Town and was helping [MARILL] and [AZURILL] find their Water Float. He lured [AZURILL] to Mount Bristle and was going to force her to crawl inside a tiny hole to get him treasure. He somehow got spotted by Vega and Lyra and got swiftly defeated and arrested. Vega's Dimensional Scream allowed him to figure out what Herman was doing, which is usually impossible due to how he operated. About a year later, he gets out of jail and travels to Mount Travail, reformed and living in isolation as a monk. He helped Vega and Lyra get into [AZURILL]'s nightmare, and sometimes sends letters and Sky Gifts to Treasure Town. He doesn't want anyone to know where he is except Vega and Lyra.",N/A,TODO,Hermannus Breiner,Grass Continent,TODO,96,99 ~ 157,41 ~ 81,Smart Marine Blue,Dark,TODO
Hilda,Gardevoir,Female,Shiny,"Hildegarde found Giuda when she was still a Kirlia, and found out he was a Trainer. Trainers barely existed at the time, so out of curiosity, she joined his team. He trained her until she evolved, devoting her entire life to him, until they once entered a dungeon where [NINETALES] was. Giuda pulled on [NINETALES]'s tails, so she tried to put a curse on the Trainer, but Hilda got in the way and absorbed the curse. [NINETALES] would have undone the curse after seeing how much his Pokémon cared for her Trainer, but the Trainer ran away and abandoned Hilda, leaving her to become an agent of spirits. As the world faced extinction, Hilda summoned Evelyn, another human. Hilda knew Eve was the exact kind of person who would save everyone, but Eve was not confident due to her own life experiences. To put Eve to the test and prove she was worthy, Hilda erased Eve's memory so she could fulfill her role with a clear mind. Eve even decided to become a Pokemon to fight alongside her friends, which surprised Hilda, but she ultimately granted her wish. Eventually, as Eve proved herself worthy, her dreams slowly allowed Hilda to reconnect with her, and lead her to her own duty. Once Eve, Adam, and [RAYQUAZA] destroyed the falling star, Hilda tells Eve that their time as a Pokémon was over and that they were to return to the human world. Hilda also became dormant. Many months later, however, she found herself awake, alive, and existing, back in Eve's house, with near complete amnesia. Eve reveals to her that she somehow managed to save Hilda from the curse, but doesn't tell her that Giuda became a Gengar. She stays with Team Ganden for a while, but afterwards decides to seek her own fate. One thing lead to another, and she joined Barbara to create Team Charm, joined shortly after by Pauline, who claims to have known Hilda in the past. As of today, she temporarily left Team Charm to go on a pilgrimage, without even disclosing why.","Charm, Ganden","The Air Summoner, The Agent Of Spirits",Hildegarde,Air Continent,TODO,185,TODO,TODO,Vivid Pink,Ice,TODO
Hiro,Rockruff,Female,Iridescent,Björk,Unity,TODO,Hiroko Asaki,Dragon Continent,2009-09-09,255,47 ~ 77 ~ 100 ~ 101,9 ~ 24 ~ 25 ~ 25,Mystic Purple,Fairy,TODO
Hoko,Sandslash (Delta),Male,Standard,"Hokori and Kenkyo are recently married Sandslashes who formed Battle Team Spindash. Kenkyo was born in Fire Continent, while Hokori was born in Dragon Continent, so they can easily be told apart by whether or not they're a Delta. Despite being a Battle Team, they don't do a lot of battling, instead they spend a lot of time doing many different jobs, still figuring out what they're best at other than battling.",Spindash,TODO,Hokori Kaze,Sand Continent,TODO,63,72 ~ 134,43 ~ 60,Vivid Pink,Normal,TODO
Hugo,Primeape,Male,Standard,"A gang of Mankeys were causing havoc in Uproar Forest. Eve and Adam defeated them, and later found them near their Team Base, wanting to fight again. However, upon seeing the peeled Chestnuts in their possession, they agree to renovate the Team Base in return for peeled Chestnuts. One of them became, uh, no longer wild, and finally managed to relax in the Secret Waterfall's Hot Springs with [TORKOAL]. He now sells Chestnuts. Because of course he does.",N/A,TODO,Hughard,Air Continent,TODO,TODO,TODO,TODO,Mystic Purple,Fairy,TODO
Ifrit,Houndoom,Male,Standard,TODO,TODO,TODO,TODO,TODO,TODO,TODO,TODO,TODO,TODO,TODO,TODO
Ina,Ninetales,Female,Iridescent,TODO,N/A,TODO,Inari Zenko,Air Continent,TODO,TODO,48 ~ 108,6 ~ 20,Vivid Pink,Dark,TODO
Inferno,Entei ,TODO,Standard,"Inferno was the ruler of Fiery Field, said to also be the leader of the three Legendary Beasts. He gets challenged, and somehow defeated by Eve and Adam, which ask him to turn the Clear Wing into a Red Wing. He gets turned to stone by Nobu alongside Surge and Deluge, and in the Voidlands, he devises a plan with Onna to bring Cooper and Selene back to the surface, pretending to command them while sending them past the Door Of Light at the last second.",N/A,TODO,Inferno,Air Continent,TODO,TODO,TODO,TODO,Subdued Brown,Flying,TODO
Ingi,Electivire,Male,Standard,They can link moves... oh god... somebody stop them...,Move Linkers,TODO,Ingulf Brune,TODO,TODO,TODO,TODO,TODO,TODO,TODO,TODO
Ingri,Shuckle,Male,Standard,"Ingriam was the very first Pokemon rescued by Team Advent. He loves food and drinks. On a vacation to Treasure Town, he found out about [SPINDA]'s bar. He became her apprentice and learned her ''secret sauce'', then became fascinated with [SPINDA]'s drinks sometimes having stat boosting properties. He moved to Fire Continent, below the Guildmaster Trail, and traveled from camp to camp to research the perfect drink, focusing more on growth properties than, uh, taste.",N/A,TODO,Ingriam Sommer,Sand Continent,TODO,TODO,TODO,TODO,Elegant Violet,Dark,TODO
Ito,Victini,Male,Shiny,Opens up the V-Wheel shop in Pokémon Paradise after he crashes down on the sign set up by Jerome. He has an ecstatic attitude and often gets excited especially about his wheel.,N/A,TODO,Itone Hino,TODO,TODO,150,40,4,Energetic Yellow,Electric,TODO
Ivory,Wigglytuff,Female,Iridescent,"When Ebony and Ivory got married, their heart turned shiny. They eventually bought a house west of Murky Forest and had a kid named Puck. One day; Ivory gave Puck some Gummis to share with his friends. Puck ended up also using these Gummis to make friends with the bullies Dora and Orion; then went to the Murky Forest with them. Ivory and Ebony were pleased when Puck told them he had made a new friend—Aldwin—not realizing he was an outlaw. When Paris informed them that Puck was traveling with an outlaw through Fortune Ravine, they accompanied him to apprehend Aldwin and save Puck. Inspired by Puck becoming a world class Explorer and Guildmaster, her heart became Iridescent, and she now travels back and forth between Murky Forest and Square Town with Ebony.",N/A,The Mother Of All Things Bad,Ivory Pomeroy,Grass Continent,TODO,TODO,TODO,TODO,Deep Green,Dragon,TODO
Jack,Magnezone,Unknown,Shiny,"The sheriff of team M.P.D., infamous for never letting any Outlaw escape from jail once another Team has apprehended them, until they did their proper time. Over time he became one of the most powerful sheriffs around, and his patrol schedule can span entire continents. He usually brings two Magnemites as assistant officers. His favorite officers are Magne and Charl. After seeing the outburst of outlaws in Sand Continent, his heart became Shiny with resolve.",M.P.D.,Holder Of Authority,Jacob Rodewald,Air Continent,TODO,TODO,TODO,TODO,Mystic Purple,Fighting,TODO
Jen,Audino,Female,Standard,"Jen is Serene Village and Serene School's doctor. She often refuses to discuss her past, but she seems very caring about everyone, especially young Pokemon. Sometimes, in the summer, she gets invited for a few shifts in Swanun's, as the inn's nurse.",N/A,TODO,Jennifer Es Cade,Water Continent,TODO,175,98,28,Gentle Mint Green,Fighting,TODO
Jeon,Pachirisu,Female,Iridescent,TODO,Crown,TODO,Jeongi Park,Grass Continent,TODO,200,78,11,Fiery Red,Ground,TODO
Jerome,Quagsire,Male,Standard,"Jerome was one of Puck's childhood friends, along with Digeir and Sayi. Jerome hates criminals, and still resents Aldwin for not immediately telling Puck that he was an outlaw before adventuring together, but was eventually glad that Puck became a Guildmaster. This inspired him to move to Mist Continent's Post Town, which is notorious for having little police activity, and start his own Team Drill, an organization that provides controversial, but very effective punishment on outlaws arrested by other teams. Despite this, he spends plenty of time outside of his team work to help the townsfolks, sell land, and give advice from the few times he adventured with Puck. He sold an arid land to Dairou and Tsutami, and started helping them a lot worried that such a low quality land, and the upsurge of outlaws, would cause their projects to fail. Instead, it became a Paradise Guild. He opened a shop in it and has been working as the Paradise's manager ever since, alongside a very terrified Gary. Seems to be a quiet, calm, peaceful, and mature Pokemon, despite his hatred towards Outlaws. He is known to be very emotional on occasion, often breaking into happy tears, especially around Dairou and Tsutami, Puck, or other Pokémon he deeply cares about. He mumbles a lot when thinking, and his speech is filled with ""mmmm""s and ""hmmm""s.",Drill,TODO,Jeronimo Alexis,Grass Continent,TODO,60,39 ~ 155,8 ~ 79,Subdued Brown,Steel,TODO
Jerry,Swampert,Male,Standard,"Jerry has been part of Team Hydro for a long while, but very little is known about him. He seems immensely strong, but almost never talks, often staying by the sidelines, unless he's mentioned by Bryce. He only seems to trust Bryce, and on rare occasions, Aston.",Hydro,TODO,Jeremiah Niagara,Air Continent,TODO,90,46 ~ 72 ~ 173 ~ 220,8 ~ 30 ~ 88 ~ 142,Cool Sky Blue,Grass,TODO
John,Stoutland,Male,Standard,"A resident of Post Town and Leon's grandfather. He often gave Leon advice. Once Team Fresh was established, and his age started getting the best of him, he decided Leon became independent and mature enough and trusted him with his house. He owns a boat and often uses it to travel back and forth between Post Town and Memento Beach to relax. Often shows great concern with trouble and seems to speak with an Irish or Scottish accent.",Fresh,TODO,Jonathan Haupt,Mist Continent,TODO,60,41 ~ 95 ~ 123,4 ~ 15 ~ 63,Cool Sky Blue,Poison,TODO
Judie,Jumpluff,Female,Standard,"Judie often floats around the continent with Judith. He once asked Shuniji to help save her friend who got stuck in Silent Chasm. Judie later comes to Ganden for help when Shuniji doesn't return; and they must go to Silent Chasm. Here; it is shown that the other Jumpluff is safe; but that Shuniji is in trouble for slashing a cloud with Aster in it. They remain in Square Town for a time. Later, both Judie and Judith come to see Eve and Adam off before they go on the run as fugitives.",N/A,TODO,Judie,Air Continent,TODO,TODO,TODO,TODO,Stately Silver,Grass,TODO
Judith,Jumpluff,Female,Standard,"Judie often floats around the continent with Judith. He once asked Shuniji to help save her friend who got stuck in Silent Chasm. Judie later comes to Ganden for help when Shuniji doesn't return; and they must go to Silent Chasm. Here; it is shown that the other Jumpluff is safe; but that Shuniji is in trouble for slashing a cloud with Aster in it. They remain in Square Town for a time. Later, both Judie and Judith come to see Eve and Adam off before they go on the run as fugitives.",N/A,TODO,Judith,Air Continent,TODO,TODO,TODO,TODO,Gentle Mint Green,Ice,TODO
Kagiri,Mewtwo,Female,Standard,"One of the two Mewtwo's currently in existence, probably. Both Kagiri and Mugen seem to have come from the same lab. Kagiri seemed traumatized and thinks she was only created to fight, and became extremely strong, constantly training and battling anyone she can. She defeated both Clark and Bryce in seconds when they ventured into Western Cave. Only Eve and Adam so far have defeated her. She's trying to trust humans again.",N/A,TODO,Kagirinai Chikara,TODO,TODO,TODO,TODO,TODO,TODO,TODO,TODO
Kari,Garchomp,Male,Iridescent,"Used to live as a Gabite in the Drilbur Coal Mine, hoarding treasure that the Drilburs found, while pretending to be innocent and selling Coal to other Towns. After he was embarrassed by Cooper and Selene, and out of nowhere, shown mercy (probably because they didn't know what he was doing either), he decided to let the Drilburs own the mine, and used his treasures to venture off on his own, with his heart turned Shiny. He met Jeongi and formed Battle Team Crown, and they're now the undisputed champion of the yearly Fist Of Fire Tournament. Or is he? Surely it's not rigged at all.",Crown,TODO,Hankari Park,Water Continent,TODO,200,70 ~ 142 ~ 202,19 ~ 56 ~ 107,Energetic Yellow,Electric,TODO
Karl,Slowpoke,Male,TODO,The son of [SLOWKING] from Sand Continent. He formed Team Slackers with Veremund. They haven't done anything since.,Slackers,TODO,Karlos Pan,Grass Continent,TODO,TODO,TODO,TODO,Subdued Brown,Steel,TODO
Kate,Liepard,Female,Standard,"Notorious thief, both of valuable objects, and of hearts. Even went as far as trying to attract, and later betray, a very angry Kosuke. Seems to almost enjoy being apprehended, as long as she's apprehended in Post Town specifically. It's almost as if she's trying to secretly watch Team Tengoku from afar.",N/A,TODO,Katherine Sniders,Mist Continent,TODO,93,42 ~ 108,10 ~ 37,Refreshing Green,Normal,TODO
Kawa,Foongus,Male,Standard,Used to run the DLC shop in Post Town. Now he's in prison. Do not sell DLC's in Post Town!,N/A,TODO,Furukawa Shuntaro,Mist Continent,TODO,TODO,TODO,TODO,Clear Aqua Blue,Fairy,TODO
Kenki,Sandslash,Female,Standard,"Hokori and Kenkyo are recently married Sandslashes who formed Battle Team Spindash. Kenkyo was born in Fire Continent, while Hokori was born in Dragon Continent, so they can easily be told apart by whether or not they're a Delta. Despite being a Battle Team, they don't do a lot of battling, instead they spend a lot of time doing many different jobs, still figuring out what they're best at other than battling.",Spindash,TODO,Kenkyo Kaze,Sand Continent,TODO,63,66 ~ 105,20 ~ 46,Elegant Violet,Normal,TODO
Kevin,Hakamo-o,Male,Standard,"The ex-principal of Solstice Academy. So old. Absolute boomer. He had to give his principal role to Sheng due to his old age. Now he's the vice principal, which allows him to spend less time worrying about papers and management, and more time scolding Cross. Yep, still a boomer.",N/A,TODO,Kevlarin Wangan,Dragon Continent,TODO,125,58 ~ 122 ~ 189,29 ~ 53 ~ 92,Uplifting Pink,Rock,TODO
Kiga,Buizel,Male,Iridescent,Buizel is a member of the Expedition Society. He is in charge of underwater expeditions. He is brave; but can be reckless. He will occasionally say that he cannot guarantee safety of himself and of others if he finds a tough Pokémon to battle; as he likes to see how he stacks up against his opponent. Despite that; he is caring and does watch out for the Player and their partner when the need arises. He also comes into conflict with Swirlix a lot; as her gluttonous ways tend to get on his nerves. In Stormy Adventure Squad; Buizel argues with Farfetch'd. The fight is quickly resolved by Slowking. ,Highwind,TODO,Kigaru Hitachi,Water Continent,TODO,180,74 ~ 125,29 ~ 35,Uplifting Pink,Dark,TODO
Kira,Ampharos,Male,Iridescent,"Ampharos resides on the 8th Clearing of Sky Peak. It rescues Pokémon that are in trouble or injured. In the main storyline; Sneasel is rescued by Ampharos after being ambushed by Carnivine. Ampharos is the chief of the Expedition Society. Known abroad as ""the Dashing Wanderer""; he is trusted by the members of the Expedition Society; despite having the world's worst sense of direction. He is also rather forgetful; and tends to treat rules; even ones made by himself; as more of a suggestion than anything; and will occasionally either bypass or simply remove a rule that he himself may have made. Despite this; he is rather genuinely caring; and has the utmost confidence in all the societies members.",Highwind,Dashing Wanderer,Akira Sekkaigan,Grass Continent,TODO,180,61 ~ 86 ~ 152 ~ 155,8 ~ 14 ~ 62 ~ 66,Fiery Red,Water,TODO
Kiza,Hariyama,Male,Standard,"Come to the Hariyama Dojo, it's very fun I promise hahaha you won't get slapped off a cliff or anything.",N/A,TODO,Kizama Tenomari,Air Continent,TODO,TODO,TODO,TODO,Elegant Violet,Steel,TODO
Koda,Phantump,Male,Standard,"A bartender who just opened in Memento Beach. Very humble, the surprising amount of socializing and talking a bartender is expected to do gave him a breath of fresh air from the usual glooming and haunting of dark forests.",N/A,TODO,Kodarei Bellamy,TODO,TODO,TODO,TODO,TODO,TODO,TODO,TODO
Kosu,Umbreon,Male,Iridescent,"They are two dungeon researchers who work as partners. Together; they uncovered the secrets of how Mystery Dungeons work. The duo separates after Todd and Euni attack them both for their Entercards. Kosuke takes two Entercards that they created and Ai takes the other two. Kosu manages to reach Post Town and is cared for by Swanun; but Ai is still on the run from the pursuers. She eventually meets [SWADLOON] in Inflora Forest and gives him the Entercards so Todd and Euni won't find them when they inevitably apprehend Ai. Ai then gets saved by Tengoku. Kosuke reveals they met Diane in the past and why she seems distant towards others. Ai and Kosuke have been studying Magnagates, Entercards, and Ley Lines since. They also were the ones who contributed the Ley Lines view in the Nexus Map.",Tengoku,TODO,Kosuke Toriumi,Mist Continent,TODO,170,44 ~ 120,8 ~ 32,Mystic Purple,Poison,TODO
Ku,Zekrom,Male,Iridescent,"Guardian of Obsidian Edge. Little is know about him and his sister, other than at some point, their heart became Iridescent at the same time, and they ended up taking each other's colors.",N/A,TODO,Kurou Ryuuniki,TODO,TODO,147,319,358,Fiery Red,Fire,TODO
Lai,Cosmog,Male,Standard,TODO,N/A,TODO,Lailona Houkuu,TODO,TODO,149,365,210,Vivid Pink,Dark,TODO
Lara,Sunflora,TODO,Standard,TODO,Pukurin,TODO,Larissa Steffen,Grass Continent,TODO,TODO,TODO,TODO,Subdued Brown,Psychic,TODO
Lauren,Lombre,Male,Standard,"UGH, don't get me STARTED about Lauren. He's so pathetic! Pshehehehe! Can you believe that he's a water type, and he almost DROWNED in the sea? He says he didn't drown, he discovered a dungeon with Dive or something, but who would ever believe that?? Lauren, an explorer?? He didn't even leave Square Town when Giuda convinced everyone Eve was the human from the Ninetales legend! Granted, Giuda was wrong, but I didn't see HIM say anything about it back when Eve left! Pathetic, I tell you! Psehehehe, what a silly!",N/A,TODO,Laurence Vann,Air Continent,TODO,TODO,TODO,TODO,Deep Green,Water,TODO
Leb,Kecleon ,TODO,Standard,"The Kecleon Brothers run the Kecleon Item Shop in several Towns, and travel between them scary fast too, accumulating an equally scary amount of items from Mystery Dungeons in the way. The younger brother, Kaleb, has a Standard heart, while the older brother, Khalid, has an Iridescent heart. In fact, they were the first Pokémon to discover how Heart Color works. Kaleb stays Standard on purpose, never showing his true colors, both to show the difference between him and Khalid, but also because unlike his older brother, he prefers ""keeping his personal stuff private"". Khalid on the other hand, is very outgoing, and works in the shop less often, so he can spend more time showing his true colors and his true passion, which is being a legendary Explorer that makes Outlaws tremble from the mere mention of his name. Often puts a ""♪"" in between sentences.",Kecleon Brothers,TODO,Kaleb Chap,Air Continent,TODO,TODO,TODO,TODO,TODO,Flying,TODO
Lee,Keldeo,Male,Iridescent,TODO,Tengoku,TODO,Lewis Kelpie,Mist Continent,1985-01-07,146,148,42,Smart Marine Blue,Fairy,TODO
Leila,Cradily,Female,Standard,"Leilani was a young, ancient Lileep who early in her life, became a fossil due to an unknown incident she can't remember. She was revived by Ansa and Traff. To show her gratitude, she decided to join Team Constrictor, and has been helping them a lot ever since she evolved. When Eve and Adam succeeded at defeating Groudon in Ansa's place, it motivated her and the rest of her team to challenge other teams in the Makuhita Dojo, to become stronger.",Constrictor,TODO,Leilani Tran,Air Continent,TODO,TODO,TODO,TODO,Deep Green,Grass,TODO
Len,Leafeon,Female,Iridescent,"A Human turned Eevee that seems to really, REALLY like Pokemon. Just like Zelda, Alph, and Link, she travels back and forth between Eevellage and Capim Town. Sometimes she studies alchemy and botany.",N/A,TODO,Alaine Lille,TODO,TODO,110,31 ~ 82,5 ~ 19,Stunning Orange,Fire,TODO
Leon,Lillipup,Male,Standard,"Leon is Sam's best friend. He's [HERDIER]'s grandson, and is very aware that Sam has a lot of potential, but he's too shut in to let himself shine. He often asks for [HERDIER]'s advice and encourages Sam to play with him. Lately, he convinced Sam to join Team Fresh with him.",Fresh,TODO,Leonhardt Haupt,Mist Continent,TODO,TODO,TODO,TODO,Uplifting Pink,Flying,TODO
Lian,Emolga ,Male,Iridescent,"He is first met when the player is looking for Don. He is Don's best friend and always stands up for him; no matter what. He encourages him to give Julian a gift as a means of appreciation; but when she rejects him; Julian instantly hates Diane;  voting against her joining the team and openly showing that he wants nothing to do with her. They later make amends. He is shown to be very prideful and a prankster, but also extremely loyal, to the point he'd rather miss out on having good experiences just so his friends can have them instead. This is the case for both adventuring and even dating.",Tengoku,TODO,Julian Nimbus,Mist Continent,2002-08-07,170,51,6,Brilliant Green,Grass,TODO
Libi,Mew ,Unknown,Iridescent,"Libi has lived in Mystery Jungle for a long time. She likes turning invisible and spying on the lives of the strongest teams in the world, and if they saved a lot of people, or even happened to have a Human as the leader, she usually manifests herself to join their team for a while. She even joins Team Ganden and Team Chronos from time to time. She has been spying on Cooper and Selene's entire friendship, and even witnessed Selene confess to Cooper that she was an ancient, legendary Mew from the past. Libi suddenly recognized her, and became sad that she had to disappear and leave Cooper alone, so she decided to help by catching Selene's soul and Harmony Scarf inside of her before she could fully fade. This put great stress on her body which gave her partial amnesia. Cooper later found her in Mystery Jungle, which made Libi instinctively want to join him. Cooper and Expedition Society warm up to Libi, who begins exhibiting behaviors similar to Selene's. Libi then falls ill, and based on Akira and [XATU]'s advice, Cooper takes her to Serene Village. Libi however is kidnapped, with the abductors thinking she was Selene, and planning on sacrificing her in Purifying Cave to remove the last fragments of Dark Matter which reside within her. At the Purifiying Cave, Cooper meets the abductors, Nobu and the Beheeyem. Libi begins to glow with light and seemingly begins to fade away, with Cooper internally, desperately begging her to stay. But Cooper's true desire was not for Libi to stay, but the part of her that was Selene. The Harmony Scarf begins to glow, and Selene is then restored from inside Libi, to Cooper's shock. Libi then reveals she remembered everything, and that she had been glad to be part of the ""kidnapping"" in order to restore Selene. When she saw her own heart turn Shiny, she left Team Excalibur to ""discover herself"". Visiting all Hero Rank Teams to have fun with them, she discovered that, well, she really, really loves humans. Her heart turned Iridescent, and she's been teleporting and spying on all sorts of humans while staying invisible since.",Excalibur,TODO,Libidine,Grass Continent,TODO,148,36,3,Stately Silver,Flying,TODO
Libre,Hawlucha,Male,Standard,They can link moves... oh god... somebody stop them...,Move Linkers,TODO,Lubbert Hendrix,TODO,TODO,TODO,TODO,TODO,TODO,TODO,TODO
Lid,Kecleon ,TODO,Iridescent,"The Kecleon Brothers run the Kecleon Item Shop in several Towns, and travel between them scary fast too, accumulating an equally scary amount of items from Mystery Dungeons in the way. The younger brother, Kaleb, has a Standard heart, while the older brother, Khalid, has an Iridescent heart. In fact, they were the first Pokémon to discover how Heart Color works. Kaleb stays Standard on purpose, never showing his true colors, both to show the difference between him and Khalid, but also because unlike his older brother, he prefers ""keeping his personal stuff private"". Khalid on the other hand, is very outgoing, and works in the shop less often, so he can spend more time showing his true colors and his true passion, which is being a legendary Explorer that makes Outlaws tremble from the mere mention of his name. Often puts a ""♪"" in between sentences.",Kecleon Brothers,TODO,Khalid Chap,Air Continent,TODO,TODO,TODO,TODO,TODO,Fairy,TODO
Lillie,Leavanny,Female,Standard,"A resident of Post Town and Sam's mother. She cares a lot about her son; as she comes running to Dairou for help when Sam disappears, and she actively supports Dairou in their quest to destroy the Bittercold for hopes that her son would have the chance to live a longer life.",Fresh,TODO,Lillemor Taibi,Mist Continent,TODO,TODO,TODO,TODO,Gentle Mint Green,Fighting,TODO
Lina,Medicham,Female,Iridescent,"Used to be the brains of Giuda's Team Meanies. Their goal was to reach world domination by manipulating other teams. After being defeated by Team Ganden, they planned to use Square Town against Eve and Adam to get rid of them. This only allowed Team Ganden to skyrocket in strength, ranking, and popularity once they not only returned from Mount Freeze unscathed, but proved that Eve was not the human in the Ninetales legend. This gave Team Meanies a harsh reality check, and they focused on dominating the world not by manipulating others, but by becoming superior themselves, with feats such as getting through Wish Cave, or defeating Eve and Adam on their own. Later, when Giuda and Eve saved Hildegarde, and Giuda revealed to everyone he was the selfish human in the Ninetales legend, the team ultimately disbanded. Pauline embraced her good side and joined Team Charm to help out the now amnesiac Hildegarde, while Eimi embraced his evil side and joined Team AWD to make something good out of his thieving skills. This caused the two teams to become rivals. One day her heart turned Iridescent, and she seems to get really angry when asked why.","Charm, Meanies",TODO,Pauline Limestone,Air Continent,TODO,185,50 ~ 133 ~ 133,11 ~ 32 ~ 33,Fiery Red,Water,TODO
Linda,Lilligant,Female,Standard,"The maid in charge of the Steel Condo in Noe Town. She's also great at healing and seems to have a soft spot for children. Gets made fun of a lot for having a mouth so small people can't see it when it's closed. Obsessed with cleanliness. Luckily, she's also amazingly fast at cleaning, so it never becomes a problem.",N/A,TODO,Lindani Halle,TODO,TODO,43,39 ~ 105,6 ~ 16,Clear Aqua Blue,Steel,TODO
Lithi,Chespin,Male,Iridescent,"Lithi is a paradox. He is the product of fatality minus randomness, or rather, the embodiment of the fact that the odds of Cooper actually defeating Dark Matter without failing, saving the entire planet, reviving Selene, and living together with her, was astronomically low. According to him, Selene and Cooper not only would have fainted in some dungeons, but on rare occasions, even perished, from circumstances out of reality's control. What Selene and Cooper thought was just pure luck with Escape Orbs, was actually Lithi manifesting himself in the Pelipper Island, and rescuing them, effectively forcing the low odds of everything being fine to be always heads. When Cooper and [MEW] eventually revived Selene, Lithi found himself so attached to Cooper and Selene's souls being permanently connected and intertwined with each other, that he ended up becoming a real, physical person. This meant Lithi could no longer rescue Cooper and Selene without fainting or perishing himself, and if he did, he could no longer rescue them. This caused him to leave Pelipper Island, travel to the Water Continent, and fight Cooper and Selene, in a desperate attempt to make them become stronger than him, and no longer need him. Cooper and Selene however stopped the fight, and decided to travel with him to Pelipper Island to verify for themselves everything he had done for them. Once they did, they accepted Lithi as a real, existing person, and invited him to join team Excalibur, which shocked him and made him burst in tears. Today he is still getting used to being a normal Pokémon, and often adventures with team Excalibur.",Excalibur,TODO,Lithos Highwind Excalibur,Mystery Continent,1996-08-22,210,42 ~ 77 ~ 161 ~ 161,10 ~ 28 ~ 102 ~ 195,Clear Aqua Blue,Ground,TODO
Lon,Eevee,Male,Shiny,TODO,Vulcan,TODO,Lonly Abaddon,Fire Continent,2011-09-02,141,38 ~ 90,8 ~ 31,Stunning Orange,Flying,TODO
Lucas,Grovyle?,Male,Iridescent,"Lucas was born in the Future Of Darkness as a Treecko. He later found Vega, who was summoned into the Future Of Darkness with no memories, but still remained a human due to the world being paralyzed. Vega and Lucas took care of each other until they discovered Vega's Dimensional Scream, which allowed them to track down Time Gears. They both decided to form the Planetary Investigation Team, recruiting many Pokemon, including Claus, who wanted to undo the circumstances that caused the Paralysis, even at the cost of disappearing, while avoiding Primal [DIALGA] and Garland who wanted to stop them. Claus sent them to the past with a Passage Of Time, but were attacked by [DARKRAI]. He woke up in Eastern Forest, not finding Vega anywhere, but after seeing his very first sunrise, gets filled with resolve to find the Time Gears on his own, trusting that Vega is doing the same. In the last one of his many attempts to retrieve the last Time Gear in Crystal Cave, one of which resulted in a battle against Vega and Lyra (unaware that Vega was his human, and he now turned into a Riolu), he gets lured into a trap by Garland, and gets sent back to the Future Of Darkness. Garland also brings brings Vega and Lyra with him to get executed alongside Lucas. Lucas uses this to his advantage to team up with them, still unaware, and escape the execution. He gets caught by [SPIRITOMB], but gets saved by Vega and Lyra. After explaining to them the truth behind the Time Gears, Lucas takes Vega and Lyra to Claus, who reveals a Passage Of Time opened on a nearby cliff, but they get intercepted by Garland and Primal [DIALGA]. Lucas defiantly declares that he still has Vega completing his objective in the past, but Garland reveals Vega got turned into the Riolu next to him during their previous time travel. Lucas almost gives up completely, but Lyra, enraged by Garland, tells Claus at the last second to teleport them closer to the Passage, saving the three. Lucas, Lyra and Vega go on a last ditch effort to reclaim the Time Gears and find the Hidden Land. Once they do, Garland intercepts them before they can activate the Rainbow Stoneship, but Lucas sacrifices himself to save Vega and Lyra, trusting them with the Time Gears and plunging himself into the Future of Darkness with Garland. Lucas then tries to flee to his own future's broken Temporal Tower to confront Primal [DIALGA] and buy Vega and Lyra some time. Garland tricks Lucas into believing Garland was replaced by a new henchman, and that Garland is siding with him, but it was all to use the imprisoned Claus to lure him into a trap, that would replace his spirit with Garland's, so he could defeat Vega and Lyra with zero suspicion. Unfortunately, while teaming up with Lucas, he made a mistake: He asks Lucas why he's willing to sacrifice his life to change the past. Lucas explains that he believes it better to live a short life with glory and accomplishment than a long, empty life, noting that he would one day depart from life even if the past isn't changed and thus the length of his life should be less important than the deeds done in his life. He also adds that if he were to do something big (like stopping the planet's paralysis), even if he were to disappear, his actions would be remembered, and so he wouldn't truly disappear. This caused immense internal conflict in Garland, so much so that when Lucas does get caught in the trap, and out of nowhere he begs Garland to remember what his heart truly wants, he becomes distressed and saves Lucas at the last second, which enraged Primal [DIALGA]. They almost were all defeated, until at the very last second Vega and Lyra clicked the last Time Gear in place in the past, and time slowly resumed flowing. Primal [DIALGA], afraid of disappearing, went on a frenzy and fled to Vast Ice Mountain to go back to the past and defeat Vega and Lyra, but was ultimately defeated by Claus, Lucas, and Garland before he could. Lucas picked her up to watch the sunrise together while they disappeared, but they were all spared from being erased from history, presumably by [ARCEUS]. After finally having realized his dream, and knowing Vega is living happily with Lyra, his heart became Shiny. After spending a ridiculous time and effort rebuilding the world, [DIALGA] gave Claus one final gift for their heroic actions: Access to Vega and Lyra's separate timeline. Lucas and Claus became leader and partner, and both of their hearts became Iridescent Color when they married.",Planetary Investigation,TODO,Lucas Pine,Grass Continent,TODO,195,53 ~ 91 ~ 195 ~ 202,5 ~ 20 ~ 55 ~ 60,Gentle Mint Green,Ground,TODO
Ludwig,Heatmor ,Male,Standard,"A mercenary that often gets hired as a guard and gate keeper both in Empire Town and Battle Town. He seems mute, but becomes a very ferocious beast whenever anyone trespasses. He almost never smiles other than when praised for his work.",N/A,TODO,Ludovicus Freudenberger,TODO,TODO,90,138,59,Subdued Brown,Bug,TODO
Luth,Crawdaunt,TODO,Standard,TODO,Pukurin,TODO,Luther Blythe,Grass Continent,TODO,TODO,TODO,TODO,Stunning Orange,Ice,TODO
Lyra,Sylveon,Female,Iridescent,TODO,Chronos,TODO,Lyra Chronos,Grass Continent,1997-06-01,220,37 ~ 88,5 ~ 19,Smart Marine Blue,Fighting,TODO
Mach,Breloom,Male,Shiny,"A fast food worker in Shiny Village. His heart became Shiny, when people found out he secretly had a huge passion for Pokemon Battles. Rather than becoming the strongest however, he likes experimenting. Lately, he adopted a fighting style of only using Punch Moves. He has developed a MEAN uppercut, a MEAN hook, etc.",N/A,TODO,Macintosh Sandman,United States; Philadelphia,TODO,120,31 ~ 131,4 ~ 46,Mystic Purple,Ice,TODO
Magi,Ninetales (Delta),Female,Iridescent,TODO,N/A,TODO,Magia Polla Marone,TODO,TODO,TODO,TODO,TODO,TODO,TODO,TODO
Magne,Magnemite,Unknown,Standard,"Charl was stuck with Magne in Thunderwave Cave before getting rescued by Eve and Adam. When Ganden unlocked Friend Areas; they ask [WIGGLYTUFF] to give the Power Plant Friend Area to Eve. Magnus joins Ganden. after seeing Magnus's huge success despite not evolving, Charl joins as well. Later, they join team M.P.D., a first-of-its-kind Justice Team.","M.P.D., Ganden",Power Of Authority,Magnus Rodewald,Air Continent,TODO,TODO,TODO,TODO,TODO,Psychic,TODO
Maki,Scolipede,Male,Iridescent,Sells.................. things.............. in Paradise.,N/A,TODO,Miyako Katsuo,Mist Continent,TODO,56,50 ~ 129 ~ 305,6 ~ 61 ~ 255,Stunning Orange,Fire,TODO
Mancy,Skuntank,TODO,Shiny,TODO,Skull,TODO,Mancy Keaton,Grass Continent,TODO,TODO,TODO,TODO,Gentle Mint Green,Ice,TODO
Mark,Rampardos,Male,Standard,"Runs the Box Buster shop in Post Town. He has an aggressive attitude which he uses to open boxes for the teams. He is proud of his work and comments on it after opening a box. He also sometimes appears in Café Connections. He seemed to have a crush on Isabelle, but didn't like to admit it. Cooper and Selene, with a LOT of difficulty, eventually managed to make Mark and Isabelle confess to each other.",Surprise,TODO,Markus Tomoo,Mist Continent,TODO,170,93 ~ 178,32 ~ 130,Uplifting Pink,Ice,TODO
Marth,Tranquill,Male,Standard,"The royal doctor of Empire Town. He is one of the first doctors to discover Experimental Vitamins. These dangerous supplements provide a much bigger boost in stats, but at the cost of 1 Max HP. To remedy this, he works extra hard to afford as many Life Seeds as possible.",N/A,TODO,Martin Ivanov,Dragon Continent,TODO,215,31 ~ 66 ~ 130,2 ~ 15 ~ 30,Energetic Yellow,Electric,TODO
Mary,Skiddo,Female,Shiny,"An orphan who got tired of being a beggar and decided to build her own farm north of Leafy Highlands. However, because she had to build it so far away from any town, she was often targeted by Outlaws. She also had trouble exporting goods from Water Continent to Mist Continent until Memento Beach was built. She makes spectacular cheese of all varieties.",N/A,TODO,Marianne Haberkorn,TODO,TODO,TODO,TODO,TODO,TODO,TODO,TODO
Matilde,Typhlosion,Female,Iridescent,"She's the owner of the Volcano Restaurant in Solstice Village, which allows orphan Pokemon to enjoy a nice meal before or after going to study in the Solstice Academy. She likes spoiling the most lonely Pokemon, but also strong teams like Hiroko and Odinshi, or adult friends like Yonaka and Niko.",N/A,TODO,Mahtihildiz Quemar,"Germany, Nurburg",1990-11-28,130,42 ~ 88 ~ 184,8 ~ 18 ~ 96,Subdued Brown,Fighting,TODO
Max,Golisopod,Male,TODO,TODO,N/A,TODO,Maximillian Chevalier,Dragon Continent,TODO,56,44 ~ 235,11 ~ 115,Gentle Mint Green,Ice,TODO
Meg,Cresselia,Female,Standard,"Megara has been chasing and hunting Hades for what felt like decades, to stop him from causing the planet paralysis and plunging the world into a Future Of Darkness. She prevented Hades from finishing off Vega when he and Lucas traveled back in time. It wasn't until Vega and Lyra restored the Temporal Tower that Hades had to come out of hiding, disguise as Megara in nightmares, and personally hunt down Vega and Lyra, which allowed Megara to intercept [PALKIA]'s nightmare and reveal Hades's true identity. Hades challenged Vega, Lyra, Megara, and even [PALKIA] to come after him in the Dark Crater, a dungeon that Megara had plenty of trouble with. Megara, who reveals that Vega and Lyra's 'distortion' was too small for anyone (even [PALKIA]) to consider it a serious threat, that Hades was also behind Temporal Tower's sabotage, and that he was harassing the team out of fear that they might once again interfere with his plans, thinks it is a trap because normally Hades would run away when found. Vega and Lyra, however, were many orders of magnitude stronger than what Megara anticipated, so the three went anyway. Here Hades, instead of battling immediately, reveals everything: By stopping time or space, the world would stop and be covered in darkness, and all Pokémon would share an everlasting nightmare, in which Hades would rule. In addition to this, Hades also reveals that he had been responsible for Vega's very own transformation and memory loss: having discovered Vega and Lucas's imminent arrival from the future, Hades attacks the two while they were going through time, but Vega protected Lucas from the attack, which led him to becoming a Riolu. Because Hades assumed what he did to Vega was sufficient, he disregarded the idea that they might find out what was happening and interfere again, resulting in his initial plan failing. Hades lets the team decide if they want to join him ruling the world in darkness. Both Vega and Lyra started walking towards Hades, which made Megara worried sick that they might have fallen for the nightmare of their partner joining Hades. This turned into immediate relief when she saw Vega and Lyra launching Hades off with one strike. Megara, Vega, and Lyra battled Hades's Shadow Team and against all odds, finally wins. Hades makes one last ditch attempt to flee through a Dimensional Hole, but Vega and Lyra don't chase, since Hades was exactly where they wanted him. [PALKIA] arrives instantly and unleashes Spacial Rend on the Dimensional Hole, thus erasing Hades's memories, much like what happened to Vega. Certain that Hades has no memory of his evil ambitions, [PALKIA], foreseeing no other reason to return, heads back to Spatial Rift while Vega, Lyra, and Megara head back to Treasure Town to heal. Megara, after witnessing how Vega and Lyra handled Hades with speed, precision, and even mercy that surpassed deities, decided to join their team.",Chronos,TODO,Megara Hermagoras,Grass Continent,TODO,195,144,59,Fiery Red,Ice,TODO
Mer,Butterfree,Male,Iridescent,"Mer is an orphan, and Cole's best friend and adoptive brother. He gets lost in Sinister Woods when playing with him, before getting rescued by Eve and Adam. When Cole decides he wants to join Ganden, Mer wants to do the same. His heart became Shiny when Candy adopted him, and became Iridescent when he joined Ganden shortly after Cole.",Ganden,White Winged Friend,Merwine Hattawa,"Air Continent, Tiny Woods",TODO,TODO,TODO,TODO,Stunning Orange,Dragon,TODO
Midna,Weavile,Female,Shiny,"Midna had to survive through thievery ever since hatching. She eventually became so good at it that she decided to turn it into her job. After encountering and recruiting Eimi, who recently left the infamous Team Meanies, and Orion, someone who used to know Puck, she formed Team AWD. Due to Pauline and Eimi's rivalry, they often competed with Team Charm, especially in Limestone Cavern, when each team found out the other team was hunting the same treasure. But when they both found out the treasure was a Time Gear, even the infamous Midna refused, stating there are some things you just can't take. This ""honor among thieves"" sounded like an oxymoron, but thanks to that event she eventually earned enough respect to not only be allowed in Treasure Town, but also the Pukurin Guild thanks to Orion's connections. They often used this to research about Zero Isle... until they found out how ridiculously hard those dungeons are. One thing lead to another, and to push herself past her limits, she now often sends challenges to Team Chronos, Team Charm, and a few others, even including Team Excalibur. These challenges could range from clearing difficult dungeons like Aegis Cave, to personal 3V3 duels, even. This newfound pride turned her heart Shiny.",A.W.D.,Lady Midna,Midnight,Grass Continent,TODO,175,94 ~ 114,29 ~ 35,Deep Green,Grass,TODO
Mil,Zorua,Male,Iridescent,"Workaholic, emo, nerd, exhausted, oversized, absolute degenerate messy fluffball of a human turned Zor. Owns a small Nuricom office bedroom combo in Arcadiaz and often sleeps there, or sometimes rents small rooms in another continent. Spends most of his time assisting the Nexus and Solstice Academy with code and research, but sometimes craves just exploring with another Pokemon even though he's incredibly weak.",Nuricom,Business Zor,Miles Farber,Italy; Milan,1998-09-09,TODO,94 ~ 218,11 ~ 80,Smart Marine Blue,TODO,TODO
Mizu,Raichu (Delta),Female,Iridescent,"Feel the wave, dude! ...Oh heck it's too big, AAAAAAA!!!",N/A,TODO,Nezumi Naminori,Mist Continent,TODO,215,22 ~ 37 ~ 71 ~ 67,1 ~ 5 ~ 30 ~ 19,Uplifting Pink,Dragon,TODO
Monty,Meowstic,Male,Iridescent,TODO,N/A,TODO,Montgomery Sinclair,Dragon Continent,TODO,TODO,30 ~ 59,3 ~ 8,Brilliant Green,Fighting,TODO
Moscato,Salandit,Male,Standard,TODO,TODO,TODO,TODO,TODO,TODO,TODO,TODO,TODO,TODO,TODO,TODO
Mugen,Mewtwo,Male,Standard,"One of the two Mewtwo's currently in existence, probably. Both Kagiri and Mugen seem to have come from the same lab. Mugen seems to be the exact opposite of Kagiri, extremely polite even after attacking someone, as if he graduated in Anger Management. He explores across every Continent and is trying to figure out why Humans that are summoned in the Pokémon world are several orders of magnitude less aggressive than the average Human.",N/A,TODO,Mugen Chikara,Air Continent,TODO,148,200 ~ 233 ~ 155,122 ~ 128 ~ 30,Refreshing Green,Ground,TODO
Nana,Mawile ,Female,Iridescent,Mawile is an archaeologist in the Expedition Society. She spends her time studying the history of the world. She is very observant; noticing the smallest details in every situation.,Highwind,TODO,Onna Sekkaigan,Water Continent,TODO,180,61 ~ 100,12 ~ 24,Subdued Brown,Dragon,TODO
Nao,Deerling,Female,Shiny,"Naomie is a student at the Serene Village School. She is quite popular among classmates; but speaks bluntly. Naomie is protective of Gory; and seems to be easily irritated by Simeon and Than's antics. She shows absolutely no regard to their admiration for her whatsoever. She seems to like Cooper and other humans a lot, just like Fukura.",Sunny,TODO,Naomie Bloom,Water Continent,TODO,210,57 ~ 179,13 ~ 79,Uplifting Pink,Ice,TODO
Natsu,Shaymin,Male,Iridescent,"Natsu was a Sky Peak Guide from Shaymin Village. He met Vega and Lyra in Shaymin Village when the path to it was restored from an earthquake's damage. He offered Team Frontier and Team Chronos to be their guide to Sky Peak, which led to the construction of several bases on some of the Station Clearings, a reunion with the Carnivine Pack and with Akira, and the rescue of [SNEASEL]. Natsu, Vega, and Lyra discovered the summit of Sky Peak was heavily polluted by a clan of Muk and Grimer, who thought this was their home due to how abandoned the place was. Natsu purified the place and allowed Team Chronos and Team Frontier to stay for a while, then used a Gracidea to turn into Sky Forme and brought them all back down to Shaymin Village with Fly. He spent the evening celebrating with the teams before they went home. Vega and Lyra later visited the Sky Peak Summit all on their own without help, and found a surprised Natsu there, which became even more surprised when they asked him to join Team Chronos. He's been nyooming with them ever since. It's not clear what caused his heart to turn Shiny, let alone Iridescent. He doesn't even seem to remember it. Loooooves flying.",Chronos,TODO,Natsumi Hizashi,Grass Continent,1999-08-18,250,16 ~ 39,2 ~ 4,Energetic Yellow,Electric,TODO
Nik,Noivern,Female,Iridescent,A huge nerd. Uses computers to make music instead of real instruments. So scandalous. Such a nerd. Pet her a lot.,N/A,TODO,Nikki Sunden,Japan; Osaka,TODO,53,46 ~ 143,7 ~ 81,Energetic Yellow,Fire,TODO
Niko,Zangoose,Male,Iridescent,"Niko was a human who rescued a completely Shadowfied Yonaka from an unknown, Shadow Type, bipedal figure. He had a Carubyncle and a Tezapphire, two artifacts created by a foxlike, unknown Pokemon made of Light, that allows a human and a Pokemon to save each other from death. He used his Carubyncle to bring back Yonaka when she was about to perish. He gave her the Tezapphire, then sacrificed himself to prevent the bipedal Shadow figure from reaching Yonaka. Many years later, he suddenly woke up in the Luminous Lake as a Zangoose. Just as he predicted, Yonaka used the Luminous Lake and the Tezapphire to bring Niko back, but at the cost of turning Niko into a Zangoose. Yonaka and Niko now live together as partners and formed Discovery Team Light, researching how to purify Shadow quickly, and the connection between Shadow Types, Void Shadows, and Dark Matter.",N/A,TODO,Nikola Tesla,Croatia; Smiljan,TODO,250,71 ~ 170,11 ~ 75,Fiery Red,Dragon,TODO
Nirv,Serperior,Female,Iridescent,TODO,Unity,TODO,Nirvana Moksha,France; Le Mans,1995-12-17,130,61 ~ 82 ~ 363,8 ~ 17 ~ 77,Gentle Mint Green,Fire,TODO
Nobu,Nuzleaf,Male,Shiny,Nobu was one of the two Seedots that was part of Team Shifty. Its members are two Nuzleaf and a Shiftry; who leads the team. Mr. Nuzleaf rescues the player character from the attack of three Beheeyem; and then takes the player home to Serene Village. He serves as the father figure; but is later revealed to have been deceiving the player from the beginning; ultimately leading them to unseal the spring at Revelation Mountain. However it is later shown that he was controlled the whole time by Dark Matter. His dialogue is written in a Southerner accent.,Shifty,TODO,Nobunaga Kage,Air Continent,TODO,TODO,TODO,TODO,Elegant Violet,Electric,TODO
Noelle,Tropius,Female,Standard,"The owner of the Solstice Orphanage. The Dragon Continent has more young, orphan Pokemon than usual, and there's only one Daycare to take care of abandoned eggs. Noelle decided to fix both problems. Nowadays, most children raised by her orphanage have become exceptional students at Solstice Village.",N/A,TODO,Noelene Adine,TODO,TODO,43,214,101,Smart Marine Blue,Bug,TODO
Oda,Beheeyem,TODO,Shiny,"One of the three Beheeyems that became Shadow Type under Dark Matter's influence. Alongside Nobu, they planned to unseal the Luminous Waters at Revelation Mountain. Oda was able to escape control after accidentally drinking the Luminous Water Nobu gathered. He then (while almost getting incinerated in the process) joins Selene and Cooper to find the Tree of Life, which he believed to be past Submerged Cave and under Prehistoric Ruins from what Nobu told him. It was a trap however, and he got forced to join Nobu's side again under threat of being sent down the depths of the Voidlands. When Cooper and Selene reappear under Primeval Forest, the actual location of the Tree Of Life, he tries joining Cooper and Selene's side again, but gets turned into stone by Nobu before he could. After Dark Matter was defeated, he helps Cooper restore Selene by staging a kidnapping of Libi. When Nobu returned to Serene Village for good, he bid farewell and ventured to the Open Pass on his own, spending his time recovering from everything that happened. He ended up becoming friends with Aaron and Betty.",N/A,TODO,Odalgar Haas,Water Continent,TODO,TODO,TODO,TODO,Gentle Mint Green,Ghost,TODO
Odil,Rattata,Female,Standard,A Silt Village resident that... seems to get caught on purpose thieving? Does she *enjoy* slavery? Unbelievable. She's like the exact opposite of Betelgeuse. Rodents...,N/A,TODO,Odilia Klein,Sand Continent,TODO,TODO,TODO,TODO,Mystic Purple,Normal,TODO
Odilo,Swalot,Male,Standard,They can link moves... oh god... somebody stop them...,Move Linkers,TODO,Odilo Arbeit,TODO,TODO,TODO,TODO,TODO,TODO,TODO,TODO
Odinshi,Zorua,Male,Iridescent,gekker,Unity,TODO,Odinshi Asaki,TODO,1999-11-16,255,100 ~ 250,14 ~ 91,Mystic Purple,Water,TODO
Oka,Dragonite,Male,Iridescent,TODO,N/A,"The Fire Summoner, The Savior Of Hearts",Okaaz Fahdon,TODO,TODO,TODO,TODO,TODO,TODO,TODO,TODO
Ori,Drapion,Male,Standard,"Dora and Orion were Puck's bullies back when he was an Igglybuff and they were all kids. They convinced Puck to give them some of his Gummis on many occasions, and ended up eating most of them. They later convinced Puck to go explore Murky Forest with them. When Aldwin revealed himself at the end of the dungeon, they fled, leaving Puck behind. Later they were part of the party that went to apprehend Aldwin. Seeing Puck's huge success as a Guildmaster, Orion joins Midna's Team AWD in an attempt to surpass him. Due to choosing different paths, Dora and Orion also became rivals. Orion has been working really hard lately, not only because of his admiration for Midna, but also because he discovered Banette can Megaevolve. He hopes Team A.W.D.'s success will let him witness Dora breaking her limits and showing him her Megaevolution.",A.W.D.,TODO,Orion,Grass Continent,TODO,TODO,TODO,TODO,Clear Aqua Blue,Psychic,TODO
Otto,Lapras ,Female,Standard,"One of the few Lapras in the world that is a direct descendant of heaven. These Laprases can take the strongest teams in the world to remote locations usually only reserved for divine Pokémon, or Pokémon that are direct descendants of them, such as the Hidden Land or the Mystery Continent. Unlike Pier, Otto is very new at this. She is often afraid of getting lost despite her amazing navigational skills. She started liking Team Unity and takes them wherever they want when they don't want to use their boat, although she hasn't yet tried to travel to remote, sacred areas such as the Mystery Continent.",N/A,TODO,Ottomar Plymouth Empyrean,Grass Continent,TODO,50,264,231,Stately Silver,Fairy,TODO
Paris,Nidoking,Male,Standard,"Paris is an independent Explorer who excels in tracking down hard to find Outlaws, that spend most of their time hiding. He was responsible for Aldwin's arrest. He recently is spending more time with his wife.",N/A,TODO,Paride Basilium,Grass Continent,TODO,73,51 ~ 92 ~ 158,9 ~ 28 ~ 94,Elegant Violet,Water,TODO
Pea,Cosmog,Female,Standard,TODO,N/A,TODO,Peahina Houkuu,TODO,TODO,149,395,117,Stunning Orange,Dark,TODO
Penny,Spinda,Female,Standard,"Young Penny was searching for the someone called the Mirage Pokémon; but after she collapses from exhaustion and gets saved by Eve and Adam; she decides to abandon her quest due to being too weak. Eve and Adam convince her to give them the Clear Wing, so they can resume the search while she rests. Penny resides in Square Town until [HO-OH] directly appears in front of her, alongside a VERY smug Eve and Adam. This shocks Penny and motivates her to go on a pilgrimage, meeting Waldon and Wandol, and building her own Spinda Cafe in Treasure Town.",Tavern,TODO,Penelope Lovelace,Air Continent,TODO,TODO,TODO,TODO,Gentle Mint Green,Steel,TODO
Phil,Pawniard,Male,Standard,"They scam [DUNSPARCE] with a deal of getting stronger to get Diane to be his friend. Once he realized this they started to attack him, but Dai and Tami appeared, and it becomes 3 on 2 until they call their goons and it becomes 6 on 3, then Diane, then Julian, then Tony... The ''reinforcements'' piled up until it became a very inefficient furball. The Pawniard Brothers lose and flee... they kept ''losing and fleeing'' ever since.",Pawniard Brothers,TODO,Philbert Brose,Mist Continent,TODO,96,52 ~ 174,10 ~ 71,Smart Marine Blue,Fire,TODO
Pia,Ampharos,Female,Shiny,TODO,N/A,TODO,Lampetia Winstanley,Sand Continent,TODO,53,55 ~ 71 ~ 138 ~ 140,7 ~ 13 ~ 60 ~ 60,Brilliant Green,Ground,TODO
Pier,Lapras,Male,Shiny,"One of the few Lapras in the world that is a direct descendant of heaven. These Laprases can take the strongest teams in the world to remote locations usually only reserved for divine Pokémon, or Pokémon that are direct descendants of them, such as the Hidden Land or the Mystery Continent. Pier was first seen by Puck many years ago, making him promise not to research the wall pattern in the Brine Relic Port. Many years later, Puck tells Pier he cannot hold the promise any longer. Once Lyra proves she was chosen by the Relic Fragment, Pier takes Vega, Lyra, and Lucas to the Hidden Land. Due to his critical role, he was tasked by [REDACTED] with taking care of the four Hero Rank teams. He often hangs around the Sharpedo Bluff when not transporting teams.",N/A,TODO,Pierre Simon Empyrean,TODO,TODO,TODO,TODO,TODO,TODO,TODO,TODO
Pip,Celebi,Male,Standard,"Pippin appeared out of nowhere in front of a very exhausted and battered, but determined Eve at the end of the brutal Purity Forest. Eve immediately braced for a fight, but Pippin ended up joining her out of immediate admiration. Turns out he actually has been waiting a while for someone strong enough to get through Purity Forest, and he declared Eve was ""the purest of them all"", to her immense skepticism. Pippin became a prodigy almost overnight, traveling from continent to continent on behalf of Team Ganden and becoming infamous for his speed, some even accusing him of ""cheating with time warps"". He even secretly became a very close friend with Akira, even before the Expedition Society was fully established. When Akira found out documents about Dark Matter, Pippin felt he recognized this entity, which prompted him to research it fast. After Dark Matter started attacking the planet again, he partnered with [JIRACHI] and Akira to save Selene and Cooper from Nobu, and teleport them to the Road To Primeval Forest where the Tree Of Life is. There, he explained his findings, and helped Selene and Cooper get to the Tree Of Life with their Harmony Scarves. After Dark Matter's defeat, he has been spending more time catching up with Eve and Adam.","Highwind, Ganden",TODO,Pippin Daube,Air Continent,TODO,TODO,TODO,TODO,Uplifting Pink,Water,TODO
Plinio,Simisage,Male,Standard,"A triplet of Pan's who often visited Post Town in their youth. When they evolved, they moved to Serene Village. Plinus became the principal of Serene school, Plinio became a gardener, and Pliny became a guard. They tend to be very carefree, jolly, and optimistic.",N/A,TODO,Plinio Spitz,Mist Continent,TODO,TODO,TODO,TODO,Elegant Violet,Fairy,TODO
Plinus,Simipour,Male,Standard,"A triplet of Pan's who often visited Post Town in their youth. When they evolved, they moved to Serene Village. Plinus became the principal of Serene school, Plinio became a gardener, and Pliny became a guard. They tend to be very carefree, jolly, and optimistic.",N/A,TODO,Plinus Spitz,Mist Continent,TODO,TODO,TODO,TODO,Brilliant Green,Bug,TODO
Pliny,Simisear,Male,Standard,"A triplet of Pan's who often visited Post Town in their youth. When they evolved, they moved to Serene Village. Plinus became the principal of Serene school, Plinio became a gardener, and Pliny became a guard. They tend to be very carefree, jolly, and optimistic.",N/A,TODO,Pliny Spitz,Mist Continent,TODO,TODO,TODO,TODO,Energetic Yellow,Dragon,TODO
Puck,Wigglytuff,Male,Iridescent,"As an Igglybuff, he lived at home with his parents Ebony and Ivory and often played with his friends Jerome, Sayi, and Digeir, but one day went on an exploration with the bullies Dora and Orion to the Murky Forest. At the end of the forest; he met Aldwin; who usually would scare off any intruders. However; while Dora and Orion fled; Puck was not afraid of him. Eventually, Aldwin told him everything about exploration. Their first exploration was in Eastern Cave, where they found a Defend Globe. Igglybuff wanted to go on more explorations because he enjoyed it so much; and eventually convinced Aldwin to make him his apprentice. After exploring together for several months; the two decided to go to Fortune Ravine. While arriving at the ruins, Magnezone; two Magnemite; an explorer named Paris; Ebony, Ivory, Jerome, Sayi, Digeir, Dora, and Orion approached them. Paris told Puck that Aldwin was actually an outlaw; and that they had to take him away. Aldwin had to convince Puck to not rescue him, or he would become an outlaw as well. Aldwin left Puck his Defend Globe, which he held onto ever since, and used it as his inspiration to become a world class Explorer. He spent an immense time training, quickly evolving into Jigglypuff and then Wigglytuff, turning his heart Shiny in the process. Puck used to hang out with Team Charm as well, which inspired him not only to get a team of his own, but to help out other teams that want to get started. He eventually met his partner Conway and became a Guildmaster, which turned his heart Iridescent. With the help of Conway and many others, he built the Pukurin Guild, the most famous Guild in the world as of today.","Pukurin, Treasunters",The Grand Master Of All Things Bad,Puckou Pomeroy,Grass Continent,TODO,190,32 ~ 55 ~ 117,1 ~ 5 ~ 13,Brilliant Green,Flying,TODO
Quincy,Pelipper,Male,Shiny,"Various Pelipper work in the Square Town Pelipper Post Office. Quincy is the one personally in charge of Team Ganden, delivering mail to the rescue team each morning if their mailbox is not full. Quincy sends a letter to Eve and Adam wishing them good luck before their journey as a fugitive; and another one in celebration when they return. He also helps the team transcript Wonder Mails digitally ever since the world started shifting towards the Nexus and Connection Orbs.",N/A,TODO,Quinctilian Apostolov,Air Continent,TODO,TODO,TODO,TODO,Fiery Red,Fire,TODO
Rack,Kabutops,Male,Standard,"Puck's archrival. A semi-wild Kabutops who lives in Brine Cave with his Omastar lackeys, waiting for the perfect moment to strike whenever Puck explores again. He often fails, due to Conway always shielding Puck. And now there's also the entirety of Treasure Town and Team Chronos caring about Puck! Man, being an Outlaw sucks.",N/A,TODO,Rackianirus,Grass Continent,TODO,TODO,TODO,TODO,Brilliant Green,Fire,TODO
Rael,Umbreon,Female,Iridescent,A Human turned Eevee mechanic in the Eevellage's Rest. Likes Henry a lot. Drinks a lot. Swears a lot. They're also in charge of the Containment Daycare.,N/A,TODO,Rachel Teller,United States; San Francisco,1971-09-08,86,40 ~ 103,6 ~ 22,Refreshing Green,Steel,TODO
Rai,Flygon,Male,Standard,"An Explorer with a massive bag. He flies around, gathers an enormous amount of items from dungeons, and delivers them to the Kecleon Shops in Solstice Village and Empire Town. He really likes Kecleons. And other Dragon Types. And [LUGIA].",N/A,TODO,Furai Arenas,Dragon Continent,TODO,70,56 ~ 76 ~ 162,11 ~ 12 ~ 60,Energetic Yellow,Flying,TODO
Rain,Sneasel,Male,Standard,"Inspired by Team A.W.D., he joins the expedition to Shaymin Village and the climb to Sky Peak in order to get the ''treasure'' first, but is assaulted by a garden of Carnivine shortly before being rescued by Akira. He eventually realizes the thieving life might not be his forte...",N/A,TODO,Rainard,Grass Continent,TODO,TODO,TODO,TODO,TODO,TODO,TODO
Rand,Rhyperior,Male,Standard,Was saved by Digeir from a criminal ring that kidnapped civilians and turned them into gladiators. He joined Team Raider as one of Digair's two partners alongside Tun.,Raider,Royal Mountain Shield,Randvi Holmberg,Grass Continent,TODO,TODO,TODO,TODO,Brilliant Green,Dark,TODO
Rem,Jolteon,Female,Iridescent,Kosuke's sister. Where did she come from? Seems very chill.,N/A,TODO,Remi Toriumi,Mist Continent,TODO,170,32 ~ 83,6 ~ 23,Cool Sky Blue,Fire,TODO
Ren,Yamask,Male,Shiny,"Goldie's son. He decided to NOT hoard gold bars and use them to become the mayor of Noe Town, spending his wealth to restore the turism and trade of the city of steel boats.",N/A,TODO,Rengel Goldberg,TODO,TODO,TODO,TODO,TODO,TODO,TODO,TODO
Ribo,Deoxys ,Unknown,Standard,"A Deoxys that fell from a fragment of the Great Meteor, and crashed in north Air Continent to form Meteor Cave, a Mystery Dungeon discovered by Bryce while exploring around the Oceanic Gales. They are aggressive, speak very little, and very few Pokémon seem to be able to calm them down. So far, only Team A.C.T., Team Ganden, [MEWTWO], and Team Excalibur have been successful.",N/A,TODO,Ribonucleius,Air Continent,TODO,148,207,71,Refreshing Green,Ghost,TODO
Rick,Snorlax,Male,Standard,"He appeared randomly in Square Town. He asked Eve for a food item and gave her a Munch Belt in return. He travels from village to village in search for the best food... and the best sleeping spot, since after evolving he became too big and heavy to fit comfortably in any hand built bed. He loves food so much that he feels guilty eating it, in fear that he might run out of delicious food while deep inside a Mystery Dungeon. Eve reminds him of the Munch Belt he gave her, and he decided to form Team Never Hungry, and created the Never Hungry items.",Never Hungry,TODO,Richard Germund,Air Continent,TODO,TODO,TODO,TODO,Subdued Brown,Ice,TODO
Rina,Gourgeist,Female,Standard,"A human that turned Pumpkaboo, and quickly evolved into a Gourgeist. She was found in Lullaby Springs as a Shadow Type, and swiftly purified by Odinshi and Hiroko. Unfortunately, she can't remember most of her past, and she's now traveling around the Dragon Continent villages and towns trying to help Pokemon, as redemption for all the crimes she committed as an out of control Shadow Type.",N/A,TODO,Lovrina Es Cade,TODO,TODO,TODO,TODO,TODO,TODO,TODO,TODO
Rob,Roggenrola,TODO,Standard,REALLY hates Duccio. A LOT. Like he made it his entire personality. He's just a kid. Geez.,N/A,TODO,Robin,"Mist Continent, Post Town",TODO,TODO,TODO,TODO,Smart Marine Blue,Fighting,TODO
Roc,Terrakion,Male,Standard,DO NOT TALK TO ROCCO,N/A,TODO,Rocco Escudo,Mist Continent,TODO,146,205,312,Cool Sky Blue,Ground,TODO
Roman,Krookodile,Male,Standard,"Roman is a former resident gangster of Lively Town; feared by its residents as a bad-tempered criminal, but somehow never getting in trouble for it. Roman is bribed by Nobu to drop off warning letters around Lively Town declaring that Legendary Pokémon will be turned to stone. He is also told to come to Revelation Mountain; in order to trick Cooper and Selene to join Nobu at the top of the mountain. Up there he gets betrayed by Nobu and turned to stone. He is significantly changed after going through the Voidlands and being saved by Cooper and Selene, now desperately accepting menial jobs around Lively Town to give residents more time to do what they enjoy.",Krok Gang,TODO,Romanos Lesnar,Water Continent,TODO,73,71 ~ 105 ~ 178,16 ~ 34 ~ 99,Gentle Mint Green,Psychic,TODO
Ron,Deerling,Male,Standard,"Used to be a wild and feral Deerling from Lush Forest, but eventually started hanging out around towns and taking jobs from time to time. He seems very interested in Magia...",N/A,TODO,Aaron Bonner,TODO,TODO,TODO,TODO,TODO,TODO,TODO,TODO
Roo,Kangaskhan,Female,Shiny,"Out of all the Kangaskhan in the Kangaskhan Storage System, she's one of the OG's. She spent too much time traveling between Air and Grass Continent to manage everyone's items. She decided to come up with a better system. With Square Town and Treasure Town's help, she invented the Kangaskhan Storage System, which uses a Deposit Box to ""sync"" a team's items between multiple locations without needing a Kangaskhan Statue. Like a Kangaskhan is very protective of their children; she is very protective of Eve's items in particular, to the point of accusing Khalid of being negligent whenever he gets robbed. Somehow, she gets away with it. Mothers, man.",N/A,TODO,Khanroo Norris,Air Continent,TODO,TODO,TODO,TODO,Refreshing Green,Fighting,TODO
Rupi,Togekiss,Male,Standard,TODO,N/A,TODO,Rupert Jade,Dragon Continent,TODO,200,17 ~ 62 ~ 174,1 ~ 4 ~ 40,Smart Marine Blue,Dragon,TODO
Sal,Riolu,Male,Iridescent,"A Riolu whose heart became Iridescent at a very young age. His parents thought this made him a prodigy, so they forced him to enroll to Serene School. He hated it at first, until he met Team Sunny, who had experience with both Serene Village and Team Excalibur. They decided Serene School wasn't for him, and helped him free from his parents, escorting him to Solstice Village, where he later enrolled in Solstice Academy. He's a lot happier now... but also seems to have a crush on Cefca. Oh no.",N/A,TODO,Squall Bastet,Water Continent,TODO,80,55 ~ 103 ~ 122,17 ~ 39 ~ 50,Energetic Yellow,Dark,TODO
Sam,Swadloon,Male,Standard,"Lillie's son and Leon's friend. Very shut in, barely takes care of himself, unless he's going to hang out with Leon. Despite this, for a child; he can be quite tough; managing to get through Inflora Forest alone. He originally goes there to find a gift for his mother's birthday. He knows how to dig up treasure from the ground, and he was digging up a deck of Entercards and a red gem before being ambushed. Turns out Ai was hiding them from Ella's gang, and she decided to trust Sam with them so they would find nothing when they inevitably caught Ai. Sam successfully kept them safe. He often seems to come out of nowhere and perform great feats, before hiding again in his own room in Lillie's house out of embarrassment. Because of this he was eventually convinced by Leon to join Team Fresh.",Fresh,TODO,Samoslav Taibi,Mist Continent,TODO,43,29 ~ 44 ~ 119,2 ~ 11 ~ 20,Clear Aqua Blue,Psychic,TODO
Sara,Shaymin,Female,Iridescent,"Sakura used to work in Shaymin Village's Shaymin Delivery Service, but now often gets hired by Pelipper Post Offices all over the world when a package is at risk, and requires One Day Shaypping. She was the one who shipped a Sky Jukebox to Vega and Lyra's Sharpedo Bluff as a token of gratitude for visiting Shaymin Village.",N/A,TODO,Sakura Ozone,Grass Continent,TODO,250,15 ~ 38,2 ~ 4,Cool Sky Blue,Fairy,TODO
Sayi,Jinx,TODO,Standard,"Sayi was one of Puck's childhood friends along with Digeir and Jerome. After evolving she traveled to Fire Continent and... lives alone? Even though she often visits Battle Town and Nameless Forest to ''gossip'', nobody actually knows where her house is. Being kissed by her spells certain death.",N/A,Aunt Despair,Sayida Jano,Grass Continent,TODO,TODO,TODO,TODO,Energetic Yellow,Poison,TODO
Sean,Clefable,Female,Shiny,TODO,N/A,TODO,Ceannard Amadan,TODO,TODO,TODO,TODO,TODO,TODO,TODO,TODO
Seb,Silvally,Male,Standard,TODO,N/A,TODO,Sebastian Constantinovid Harmonia Nether,TODO,TODO,115,198 ~ 251,155 ~ 100,Deep Green,Ghost,TODO
Sellie,Fennekin,Female,Iridescent,"Selene was an ancient Mew who dedicated her entire life to stopping violence and tension between Pokémon all over the world. She had immense adoration towards humans, and would often team up with them. One day, a Continental War became so violent that it caused Dark Matter to manifest. This convinced Selene that if she kept defeating Dark Matter, she could destroy all the violence that keeps building up in Pokémon, and balance out the world by taking all Pokémon's pain head on against her own skin. After each attempt however, Dark Matter would reappear stronger than before. So instead she asked for help from Cooper, her most trusted human, to come up with a plan to get rid of Dark Matter once and for all. They needed people as strong as them, but without their painful memories, so Selene and Cooper settled on resetting their memory and turning into ordinary Pokémon, a Fennekin and a Froakie. But to make sure they wouldn't fail, they also went to the Tree Of Life and crafted Harmony Scarves with its fibers, so they wouldn't get turned to stone. Cooper retreated to a World Of Dark without Pokémon to mature his soul, while Selene summoned him, while also summoning herself to a date where she would be discovered in a safe location wrapped in her Harmony Scarves. This is how Selene and Cooper met again, as a Fennekin and Froakie, without memories, in Serene Village. The immense stress of the process caused their personality to change a little, but the lack of any painful memories allowed them to become incredibly powerful and have immense empathy, making friends with countless Pokémon, and eventually figuring out that all Pokémon have a good side and a bad side. This meant Dark Matter cannot be defeated because it mustn't be, but rather it must be accepted as a part of themselves. Selene later recovered her memories from [XERNEAS] and explained everything to Cooper before saying goodbye and fading away. Later, she woke up in Cooper's arms. She found out Cooper was so devastated by her fading away, that [MEW] decided to catch her soul and store it inside her, hoping she would be found by Cooper. Now that she remembered everything, Selene wondered why Cooper would revive someone like her, who did so many mistakes in the past. Cooper told her she wanted her to start her life over, not as a Mew, but as Selene, and have the proper childhood she never had. This shocked Selene, and shattered a massive lock on her heart, which instantly brought it from Standard, to Shiny, to Iridescent, as her pure personality she locked away was suddenly allowed to spring free. No longer having to worry about being hated, Cooper became Iridescent too. Together, Cooper and Selene have been using their true personality to complete the Connection Orb and become invaluable friends with the entire world, while also finding out from each other for the first time what love feels like.",Excalibur,"The Water Summoner, The Love Of Humanity",Selenah Highwind Excalibur,Water Continent,2004-10-12,210,38 ~ 86 ~ 144 ~ 144,8 ~ 12 ~ 33 ~ 34,Energetic Yellow,Steel,TODO
Sen,Mienshao,Female,Iridescent,"Sheng recently became the Principal of Solstice Academy, and plans to turn it into the ultimate universal library for young, aspiring teams who want to know everything that has been currently discovered about the Pokémon world. She essentially wants to turn the Solstice Academy into a constantly synced, physical version of the Nexus, where all Pokémon can freely practice everything they have learned. Sheng seems to be a workaholic, the project is so huge that sometimes she faints on her desk. Despite this, she's easily the strongest Pokémon in the entire Solstice Village, although she has a feeling one of her students might eventually surpass her, with the mountain of information she's providing to everyone.",N/A,TODO,Sheng Zhandou,,,255,86 ~ 138,17 ~ 31,Deep Green,Normal,TODO
Shar,Persian,Male,Standard,"Sharon runs the Square Town Persian Bank local bank. He HATES it. Eve has such an astronomical amount of money, and she withdraws so often, and for what? To HELP Pokémon? Unbelievable! Just kidding, Sharon loves his job. He even became one of the Pokémon responsible for implementing the money storage sync properties of the Deposit Box when it was invented.",N/A,TODO,Sharon Travis,Air Continent,TODO,TODO,TODO,TODO,Mystic Purple,Ghost,TODO
Sheol,Eevee,Female,Shiny,TODO,Vulcan,TODO,Sheol Gehenna,Fire Continent,2013-03-13,83,34 ~ 85,6 ~ 24,Subdued Brown,Ghost,TODO
Shi,Reshiram,Female,Iridescent,"Guardian of Ivory Peak. Little is know about her and her brother, other than at some point, their heart became Iridescent at the same time, and they ended up taking each other's colors.",N/A,TODO,Shirou Ryuumouto,TODO,TODO,147,286,299,Cool Sky Blue,Electric,TODO
Shino,Greninja,Female,Standard,"An absolute disaster of an outlaw. Despite being a Greninja, she was truly awful at not getting caught and apprehended. Every time she served her time, she went to a different continent to try again, to no avail. Funnily enough, this allowed her to experience how justice systems handle outlaws in every single continent. From classic jails in Air Continent and Grass Continent, to the redemption system in Dragon Continent, to the slavery system in Sand Continent. Now she lives in Solstice Village and seems very depressed...",N/A,TODO,Shinoda Chiyoko,Dragon Continent,TODO,50,28 ~ 54 ~ 141 ~ 141,6 ~ 9 ~ 28 ~ 27,Brilliant Green,Psychic,TODO
Shun,Shiftry,Male,Standard,"Shuniji was the Leader of Team Shifty. They often only picked jobs that had a massive reward. Years after the Great Meteor was destroyed, he went into a hiatus.",Shifty,TODO,Shuniji Yama,Air Continent,TODO,TODO,TODO,TODO,Subdued Brown,Fire,TODO
Sid,Genesect,Male,Standard,"Codd's archrival. Codd is the only one who knows anything about him, and when people find out Sid exists, they usually cannot ask Codd in time who Sid is, because Codd immediately starts chasing him, and they both disappear for months. How annoying...",N/A,TODO,Siddeley Earl,TODO,TODO,255,228,156,Deep Green,Poison,TODO
Sig,Seviper ,Male,Iridescent,"A new addition to Team Light. Used to be a Shadow Type, and was shocked to see not only how quickly he was purified, but that a Zangoose of all species could show him empathy. He has been working tirelessly with Niko and Yonaka to get the boring stuff done quickly, so Niko and Yonaka could research Shadow Types more quickly.",Light,TODO,Sigfried Padmore,TODO,TODO,100,282,54,Deep Green,Water,TODO
Sim,Pancham,Male,Shiny,"Simeon is a student at the Serene Village school. He is a bully; especially to Selene, who he regards as very annoying. Much of his spite towards Cooper seems to be out of his mere relationship with Selene. He tends to talk bigger than he will actually back up; as he is secretly quite cowardly. He admires Naomie for her sweetness and Fukurashi for her strength. He used to bully Gory as well, until Cooper trained the Serene Village School students, and Gory became the leader of Team Sunny. Than is his best friend, and helped him evolve, claiming that he plans to be the last Pokemon in Team Sunny to evolve in order to grow up quicker. (AKA eat and sleep.)",Sunny,TODO,Simeon Bentley,Water Continent,TODO,210,57 ~ 226,8 ~ 137,Energetic Yellow,Normal,TODO
Siri,Shinx,Male,Standard,"No, he's not a voice assistant. Used to be Ermin's archrival, but after being introduced to Treasure Town by Vega and Lyra, he decided to start his life anew with a Devolve Orb and become a formidable explorer. Not a single thought goes on in his head. He also became good friends with Altair. Likes videogames...?",N/A,TODO,Sirius,Grass Continent,TODO,220,44 ~ 84 ~ 120,9 ~ 28 ~ 35,Stunning Orange,Normal,TODO
Sonja,Beautifly,Female,Standard,"Team Tasty consists of the leader Tatsu and Sonja. Sonja is very afraid that Tatsu will eat her; and so named their team ''Team Tasty''; but doesn't tell its leader about its fear until the World Paralysis's prevention. Tatsu is horrified to discover that Sonja is afraid of her; and says that the delay in telling it is his failing as a leader. He protects Sonja's Silcoon form until she evolves into a Beautifly, and they have been a lot more active in missions since.",Tasty,TODO,Sonjavivi Dustin,Grass Continent,TODO,TODO,TODO,TODO,Subdued Brown,Normal,TODO
Suari,Smeargle,Male,Standard,"Suari ran away from his tribe because it does not want to undergo a ""growing up"" ritual; which involves a Smeargle imprinting their paw print onto the back of another. He felt that the ritual was barbaric; and would have ruined his ability as an artist. He gets lost in Howling Forest until Eve and Adam saved him. He joined as Team Ganden's artist, and likes painting flags and other cloths around Square Town's bases and buildings.",Ganden,TODO,Suarius Pilgrim,Air Continent,TODO,TODO,TODO,TODO,Elegant Violet,Flying,TODO
Sue,Granbull,Female,Standard,"Suero has been frustrated for a long time that she hasn't been able to evolve ever since disasters started happening. Luckily, she managed to evolve into Granbull by accidentally discovering the Luminous Cave in the pond north of Square Town, after the Great Meteor was destroyed. Initially, she's shocked by how tough her new form is, but quickly adapts.",N/A,TODO,Suero Gott,Air Continent,TODO,TODO,TODO,TODO,Subdued Brown,Electric,TODO
Surge,Raikou,TODO,Standard,"Surge was the ruler of Lightning field. He gets challenged, and somehow defeated by Eve and Adam, which ask him to turn the Red Wing into a Sunset Wing. He gets turned to stone by Nobu alongside Surge and Inferno, and in the Voidlands, he devises a plan with Onna to bring Cooper and Selene back to the surface, pretending to command them while sending them past the Door Of Light at the last second.",N/A,TODO,Surge,Air Continent,TODO,TODO,TODO,TODO,Energetic Yellow,Electric,TODO
Swanun,Swanna,Female,Iridescent,"Often referred to as ""the signora""; she seems to be the unofficial leader of Post Town. She owns and manages the Swanun House's inn, where she cooks food regarded to be some of the best in the world, and gives out rooms for Adventure Teams that barely managed to crawl themselves to Post Town, to rest in and heal. Ever since Paradise was built and Team Tengoku took off, she has been using her inn as a festive hangout for not just the assembly, but the town as a whole, essentially becoming her town's party despite her old age. She recently became the leader of Team Fresh, who handles import and export of goods and gourmet in and out of the Mist Continent. She is very gracious despite her old age, allowing Pokémon to stay at the inn as long as they pay their bills, and putting bills on credit when a Pokémon is unable to pay for them immediately. Her family tree has a history of choosing very bad and boring names.",Fresh,Signora,Swanun Acquati,Mist Continent,TODO,195,49 ~ 123,5 ~ 25,Uplifting Pink,Fire,TODO
TODO,Archeops,TODO,Standard,Archen is a member of the Expedition Society. He is in charge of aerial expeditions; despite his inability to fly. He initially acts as the mentor to the player and the partner; showing them the basics of the society. He takes his work seriously; but becomes distraught when his work is destroyed.,Highwind,TODO,TODO,Water Continent,TODO,TODO,TODO,TODO,Uplifting Pink,Ice,TODO
TODO,Blissey,TODO,Standard,"Blissey runs the Blissey (formerly Chansey) Day Care in Treasure Town, where she takes care of orphan Pokémon and lost eggs, as well as eggs given out by desperate Pokémon who can no longer take care of them due to dire circumstances.",N/A,TODO,TODO,Grass Continent,TODO,TODO,TODO,TODO,Deep Green,Psychic,TODO
TODO,Dialga ,Unknown,Standard,TODO,N/A,TODO,TODO,Grass Continent,TODO,145,533,678,Refreshing Green,Bug,TODO
TODO,Diggersby,TODO,Standard,Bunnelby is a member of the Expedition Society. He is in charge of underground expeditions. Bunnelby enjoys his work; and cares about the society as a whole.,Highwind,TODO,TODO,Water Continent,TODO,TODO,TODO,TODO,Vivid Pink,Ground,TODO
TODO,Exploud,TODO,Standard,TODO,Pukurin,TODO,TODO,Grass Continent,TODO,TODO,TODO,TODO,Stately Silver,Dark,TODO
TODO,Groudon ,Male,Standard,TODO,N/A,TODO,TODO,TODO,TODO,141,454 ~ 960,996 ~ 2077,Gentle Mint Green,Rock,TODO
TODO,Ho-Oh,Female,Standard,TODO,N/A,TODO,TODO,Air Continent,TODO,143,320,144,Subdued Brown,Poison,TODO
TODO,Krokorok,TODO,Standard,TODO,N/A,TODO,TODO,Mist Continent,TODO,TODO,TODO,TODO,Subdued Brown,Rock,TODO
TODO,Lugia,Male,Standard,TODO,N/A,TODO,TODO,TODO,TODO,142,600,341,Stately Silver,Water,TODO
TODO,Marshadow,Male,Standard,TODO,N/A,TODO,TODO,TODO,TODO,255,60,22,Subdued Brown,Electric,TODO
TODO,Palkia,Male,Standard,TODO,N/A,TODO,TODO,TODO,TODO,145,422,335,Brilliant Green,Bug,TODO
TODO,Salamence,Male,Standard,"A ferocious beast; and part of Ella's gang. He has a name, but nobody seems to know it, not even the Salamence himself. He was first seen after Dai defeated Todd on Daybreak Ridge; and is seen again during the Holehills heist; chasing Eres in an aerial battle. He appears one last time as a boss during the trip to destroy the Bittercold; along with two Chandelure who are also part of Ella's gang. After Bittercold's destruction, while Ella's gang tried to start their life over, they discovered not only the Salamence had no memory of his past, but was already on his way to become Shadow Type, and tried purifying him to no avail. The Salamence then fled to Daybreak Ridge wreaking havoc, and became known by the locals as the Daybreaker.",Warmspice,Daybreaker,???,Mist Continent,TODO,TODO,TODO,TODO,Elegant Violet,Fairy,TODO
TODO,Slurpuff,TODO,Standard,Swirlix is the steward of the Expedition Society. She cooks meals every day; but as she is a glutton; she often finds herself eating it all.,Highwind,TODO,TODO,Water Continent,TODO,TODO,TODO,TODO,Deep Green,Bug,TODO
TODO,Tapu Bulu,Unknown,Shiny,TODO,N/A,TODO,TODO,TODO,TODO,TODO,TODO,TODO,TODO,TODO,TODO
TODO,Tapu Fini,Unknown,Shiny,TODO,N/A,TODO,TODO,TODO,TODO,TODO,TODO,TODO,TODO,TODO,TODO
TODO,Tapu Lele,Unknown,Shiny,TODO,N/A,TODO,TODO,TODO,TODO,TODO,TODO,TODO,TODO,TODO,TODO
TODO,Togedamaru,TODO,Shiny,TODO,String Theory,TODO,TODO,Empire Town; Dragon Continent,TODO,TODO,TODO,TODO,TODO,TODO,TODO
TODO,Torkoal,TODO,Standard,TODO,N/A,TODO,TODO,Grass Continent,TODO,TODO,TODO,TODO,Mystic Purple,Ground,TODO
TODO,Ursaring,Male,Standard,"One of the two Ursaring twins in Treasure Town. This one used to be a Teddiursa, but once Vega and Lyra prevented the world paralysis, Luminous Spring opened north of Mistifying Forest, and he could evolve.",N/A,TODO,TODO,Grass Continent,TODO,TODO,TODO,TODO,Elegant Violet,Flying,TODO
Tabun,Audino,Male,Shiny,"Nobody knows where Tabun lives or has seen him in person, some theorizing that he's not even an Audino at all, but he is extremely active on the Nexus. He often communicates with the strongest teams in the world, especially those living in Fire Continent, and provides invaluable research on the Pokemon Index, Dungeon Index, and so on. He is also researching something called ""Sky Temple"", a mythical location that is theorized to allow access to ""alternate timelines"". Despite having ridiculous theories such as this one, all his other information is scary accurate, which turned him into a sort of ""conspiracy hero"".",N/A,TODO,Tabuang Ne,TODO,TODO,TODO,TODO,TODO,TODO,TODO,TODO
Taku,Quilava,Male,Iridescent,"Kigaru's brother, an orphan from Sahra Town who became a very successful mercenary thanks to Kigaru's teachings, and get invited to several royalty's meetings. He started resenting his town's justice system for arresting his brother and taking him away from the Expedition Society, so he decided to use his amassed wealth and take care of Kigaru as his ""slave owner"" until he paid his time, to avoid any other slave owners from hurting Kigaru.",N/A,Prince Takumi,Takumi Hitachi,Grass Continent,TODO,142,50 ~ 95 ~ 191,8 ~ 92,Refreshing Green,Water,TODO
Tami,Servine,Male,Iridescent,TODO,Tengoku,Suiryu,Tatsumi Tengoku,Mist Continent,2002-05-09,215,59 ~ 76 ~ 321,7 ~ 16 ~ 64,Gentle Mint Green,Poison,TODO
Tatsu,Swellow,Male,Standard,"Team Tasty consists of the leader Tatsu and Sonja. Sonja is very afraid that Tatsu will eat her; and so named their team ''Team Tasty''; but doesn't tell its leader about its fear until the World Paralysis's prevention. Tatsu is horrified to discover that Sonja is afraid of her; and says that the delay in telling it is his failing as a leader. He protects Sonja's Silcoon form until she evolves into a Beautifly, and they have been a lot more active in missions since.",Tasty,TODO,Tatsuya Honda,Grass Continent,TODO,225,38 ~ 83,2 ~ 20,Smart Marine Blue,Dragon,TODO
Tera,Honchkrow,Female,Shiny,"Tera has been living a quiet life, until she met Dora, who aggressively formed Team Ebony with her. She secretly appreciates Dora for forcing her to get out of her comfort zone, and giving her a chance to find treasure. Unfortunately, they often disagree on which treasure they want, Tera wanting shiny things and Dora wanting valuable things. Because of this, they end up rarely getting any treasure at all. She later discovered this whole time Dora not only actually had a beef with Orion for leaving her and joining Team A.W.D. instead, but Devolved herself to hide her past of abusing other Pokémon, including Puck himself. Tera and Dora ended up both evolving again. Tera has been since looking for a human to help Dora achieve Megaevolution.",Ebony,Harvest Of The Underworld,Theresa Perez,Grass Continent,TODO,TODO,TODO,TODO,Gentle Mint Green,Dark,TODO
Terry,Tyranitar,Male,Standard,"Terry spent most of his early life obsessed with fixing his weakness. He evolved young and trained hard to the point he resented weak people. Alder solved his insecurities, and convinced him to join him and form Team A.C.T., the third Rescue Team in the world to achieve Gold Rank. He got tricked by Giuda to lead the hunt when Eve and Adam became fugitives. Terry and his team was led all the way up to Mount Freeze, where he found out first hand that Eve was innocent. When [GROUDON] awakens and starts an earthquake, Terry and his team decide to make up for their mistake by taking down [GROUDON]. Even then, [GROUDON] proved to be too much, and he needed to be saved by Eve and Adam. When Ganden surpassed A.C.T. to become the greatest team in Square Town, and he saw Alder dedicating more of his time helping Ganden out, Terry decided to also take more of his time being an independent rescuer when not working with A.C.T.. He resented Giuda with all his might ever since, but could only watch as Eve cast her own rage aside and absolved Giuda of his sins, breaking Hildegarde's curse. From that moment he spends more time training his heart instead of his body, and joined Clark and Alder's research into Megaevolution so he could keep up with Eve and rescue as many people as possible.",A.C.T.,TODO,Terrance Rhodri,Air Continent,TODO,76,45 ~ 122 ~ 230,71 ~ 188 ~ 217,Elegant Violet,Grass,TODO
Than,Accelgor,Male,Standard,"Than is a student at the Serene Village School. He is Simeon's best friend and subordinate; often following him and taking part in his mischief; although he is just as mischievous as Simeon in his own right. He is; however; slower and even more cowardly than Simeon, and is often left behind; despite coming up with an equal number of pranks and tricks as Simeon does. Simeon helped Than evolve into an Accelgor.",Sunny,TODO,Thancrat Solomon,Water Continent,TODO,TODO,TODO,TODO,Brilliant Green,Flying,TODO
Thaum,Kyogre,Male,Standard,TODO,N/A,TODO,Thaumas,TODO,TODO,141,488 ~ 923,360 ~ 571,Uplifting Pink,Ice,TODO
Thenni,Grumpig,Male,Standard,"Back when he was a Spoink, Thenni lost his pearl at the bottom of Drenched Bluff, and this becomes Vega and Lyra's very first mission. Now he's a Grumpig, and he moved to Square Town to become a Rescuer.",N/A,TODO,Theniano Rimbalz,Grass Continent,TODO,TODO,TODO,TODO,Fiery Red,Steel,TODO
Theo,Sableye ,Male,Standard,"A butler serving in the Empire Town. Apparently used to be one of Garland's hitmen, but managed to escape somewhere between Garland's travels in the past, and hide near Treasure Town, until he could move to the Dragon Continent.",N/A,TODO,Theobald Elmer,Air Continent,TODO,83,57,12,Energetic Yellow,Grass,TODO
Theu,Timburr,Male,Standard,"They are Tony's apprentices and joined him before he got injured. They tried to convince him to give up scamming and continue work, but with no luck. With the involvement of Dai and Tami in Tony's scamming, they are finally able to get Tony to return to carpentry. They later join Dai, Tami, Diane, and the others in battle against the Pawniard Brothers. They are shown to be fearful of Tony when he appears to be in a bad mood but have great respect for him. When Tony opens up his shop in Paradise; they assist him when he builds new facilities; redecorates; etc.",Sokobushin,TODO,Theudofrid Sokobushin,Mist Continent,TODO,TODO,TODO,TODO,Gentle Mint Green,Dragon,TODO
Thi,Timburr,Male,Standard,"They are Tony's apprentices and joined him before he got injured. They tried to convince him to give up scamming and continue work, but with no luck. With the involvement of Dai and Tami in Tony's scamming, they are finally able to get Tony to return to carpentry. They later join Dai, Tami, Diane, and the others in battle against the Pawniard Brothers. They are shown to be fearful of Tony when he appears to be in a bad mood but have great respect for him. When Tony opens up his shop in Paradise; they assist him when he builds new facilities; redecorates; etc.",Sokobushin,TODO,Thiemor Sokobushin,TODO,TODO,TODO,TODO,TODO,TODO,TODO,TODO
Thie,Politoed,TODO,Standard,"He narrowly escaped the terrifying Poliwrath River and swam all the way down to Gardenbeach Village. Thus he became one of the very first residents, from a very young age. He immediately jumped in on the alternate Evolution path bandwagon.",N/A,TODO,Thiemo Vieth,Sand Continent,TODO,TODO,TODO,TODO,Subdued Brown,Fairy,TODO
Tin,Hoopa,TODO,Standard,TODO,N/A,TODO,Vartin Narke,TODO,TODO,TODO,TODO,TODO,TODO,TODO,TODO
Todd,Toxicroak,Male,Standard,"Todd used to run Croagunk's Swap Shop in the Pukurin Guild. Todd once slept near his shop; but later sleeps in the room where [BIDOOF] sleeps, who thinks of Todd as creepy. He claims to be unable to leave his shop due to the cauldron being stuck to the guild's bottom floor ground. He later leaves Pukurin's guild for unknown reasons and disappears for months. As it turns out he joined Ella's cohorts and supported her goal to defend the Bittercold, due to their belief the world was beyond saving. They chase Ai and Kosuke Entercards. When Kosuke makes it safely to Post Town; Todd and Eunice catch Ai and search her but don't find the Entercards; due to Ai hiding them with [SWADLOON]. They are then defeated by Dai and Tami several times. After Bittercold's destruction, he stays with Ella, who reforms the gang into Team Warmspice.",Warmspice,TODO,Toddor Stark,Grass Continent,TODO,TODO,TODO,TODO,Deep Green,Water,TODO
Ton,Vaporeon,Male,Iridescent,"Used to be the mayor of Eevellage before he put Hal in charge. Many Pokemon can Devolve to choose an alternate Evolution path, and unlock every single form. But for some reason, Eevees, despite being genetically unstable, can only evolve into one form, and only and exclusively one form. Once they pick one of the eight Eeveelutions, even if they Devolve after, they seem locked to that path no matter what. This is what Ton has been researching for a while now, while also helping Eevees all over the village choose what they want to become for good. Sometimes it barely takes any time at all, for example, his mere sight instantly inspired Capella to become a Vaporeon once and for all. Sometimes, he also studies fluid dynamics. Feesh.",N/A,TODO,Ontoni Rosemary,Grass Continent,2016-12-15,141,42 ~ 111,8 ~ 33,Stunning Orange,Ground,TODO
Tony,Gurdurr,Male,Shiny,"Carpenter of Post Town. He once loved his craft. However, when he got a serious back injury and found himself unable to build anything worthwhile; he quit building and began scamming with Gary. He meets Dai and Tami and scams them into getting five Blue Gems, which Gary steals and gives to Tony. The Timburr Brothers, Dai, and Tami, eventually convince him to give up on scamming and return to carpentry. He later joins Dairou, Tami, Diane, Julian and the others in battle against the Pawniard Brothers and their gang. He eventually opens up his shop in Paradise, where he prepares new areas, builds facilities and redecorates.",Sokobushin,TODO,Antonio Sokobushin,Mist Continent,TODO,60,56 ~ 137 ~ 138,12 ~ 49 ~ 72,Stately Silver,Bug,TODO
Traff,Tentacruel,Male,Standard,"Ansa and her partner Traff formed Team Constrictor, a team that specializes in binding foes into submission. They also restored a Root Fossil into a young Lileep, who eventually joined the team and evolved. When Eve and Adam succeeded at defeating Groudon in Ansa's place, it motivated him and the rest of her team to challenge other teams in the Makuhita Dojo, to become stronger.",Constrictor,TODO,Trafford Irvine,Air Continent,TODO,TODO,TODO,TODO,Clear Aqua Blue,Poison,TODO
Tris,Mightyena,Male,Shiny,TODO,Poochyena Brothers,TODO,Tristan Morgan,Grass Continent,TODO,115,52 ~ 123,13 ~ 36,Uplifting Pink,Poison,TODO
Tun,Gallade,Male,Standard,"Tun was saved from a brothel by Digeir, and he joined Team Raider as one of the two Partners alongside Rand.",Raider,Royal Crutch Sword,Tunkua Qishi,Grass Continent,TODO,120,TODO,TODO,Energetic Yellow,Grass,TODO
Umaq,Abomasnow,Male,Standard,TODO,N/A,TODO,TODO,Grass Continent,TODO,TODO,TODO,TODO,Energetic Yellow,Grass,TODO
Vega,Lucario,Male,Iridescent,TODO,Chronos,TODO,Vega Chronos,United States; Honolulu,1996-09-30,220,71 ~ 144 ~ 175,19 ~ 55 ~ 70,Fiery Red,Fire,TODO
Verem,Slakoth,Male,TODO,The son of [SLAKING] from Sand Continent. He formed Team Slackers with Karlos. They haven't done anything since.,Slackers,TODO,Veremund Leitner,Grass Continent,TODO,TODO,TODO,TODO,Stately Silver,Water,TODO
Verna,Emolga ,Female,Iridescent,"A student of Solstice Academy. She's friends with Yvonne, and just like her, she likes flirting with boys, usually with much better success than Yvonne. She has a lot of male friends because of this, and sometimes uses Attract on them so they get infatuated and help her cheat the tests. How evil...",N/A,TODO,Laverne Sierra,Dragon Continent,TODO,53,38,5,Elegant Violet,Dark,TODO
Vic,Tauros,Male,Standard,"Used to simply live in Gardenbeach Village, but the surge of outlaws convinced him to become a Sheriff. He now travels between Gardenbeach Village, Silt Village, and Sahra Town, upholding justice.",N/A,TODO,Victor Bosch,Sand Continent,TODO,TODO,TODO,TODO,Clear Aqua Blue,Normal,TODO
Vin,Duskull,Male,Standard,"Vin runs the Duskull Bank in Treasure Town. Although he seemed creepy, he never seems to get in trouble, and has zero connection with Garland. Alongside [KANGASKHAN], he was one of the Pokémon responsible for the invention of the Deposit Box.",N/A,TODO,Vincentas Odin,Grass Continent,TODO,TODO,TODO,TODO,Stately Silver,Dark,TODO
Virgil,Vulpix (Delta),Male,Iridescent,"A young Vulpix who became Delta from hatching in the Dragon Continent. He always hanged out in the Humanity Library in the Solstice Academy, easily fascinated by humans, and would sometimes go to the Kecleon shop to buy scents. It turns out this whole time he was trying to purify his mother Claire, who was already Shadow Type by the time he hatched many years ago. Sometimes it backfires, and Virgil would be severely wounded and unable to go to school for weeks, until Odinshi and Hiroko realized what was going on and together with Niko and Yonaka, they saved Virgil and purified Claire. Claire lost all memory, and when Edana took her to the clinic and told her who she was, she felt immense guilt, and left Virgil her house and 5000₽, before fleeing. Virgil then joined team Unity.",Unity,TODO,Vergilius Publius Marone,TODO,TODO,TODO,55 ~ 109,7 ~ 20,Cool Sky Blue,TODO,TODO
Wald,Wynaut,Male,Standard,"Waldon and Wandol ask Team Ganden for help when a group of Mankey are terrorizing Uproar Forest. After Eve and Adam team defeats the Mankey; they peel a Chestnut and give it to the team as a reward, since they were short on money. The Mankey later return in order to get revenge on the four, but they accept these peeled Chestnuts in exchange for helping them renovate Eve and Adam the Team Base. Waldon and Wandol planned to leave Square Town, but were intercepted by a very excited Penny, and were somehow roped into joining her team, and her Spinda Cafe's Project P. They now run the Recycle Shop inside Spinda Cafe, and hire Survey Teams regularly.",Tavern,TODO,Waldon Anselm,Air Continent,TODO,TODO,TODO,TODO,Energetic Yellow,Ice,TODO
Walter,Whiscash,TODO,Shiny,"Walter is a wise elder Pokémon who lives in a pond north of Pokémon Square. He loves helping teams with advice, especially on how to reach remote ocean Dungeons, either with moves like Dive or other means. He also likes telling the townsfolks stories, such as the Ninetales legend. Walter used to be a powerful rescuer and explorer, but his age got the best of him and forced him to stay in Square Town. For this reason, he recently became the guardian of the Luminous Cave, which was long sealed inside his pond and recently reopened again. ",N/A,TODO,Waltheri Gump,Air Continent,TODO,TODO,TODO,TODO,Fiery Red,Flying,TODO
Wan,Helioptile,Male,Standard,"An orphan photographer that aims to have a picture of every Mystery Dungeon and Team on the Nexus. Huge nerd. Very pettable. Pet him a lot, he is a vv good boy who just wants to take a photo of you. Make sure to give him your most heroic pose.",N/A,TODO,Wanilo,TODO,TODO,53,47 ~ 92,5 ~ 20,Stately Silver,Steel,TODO
Wand,Wobbuffet,TODO,Standard,"Waldon and Wandol ask Team Ganden for help when a group of Mankey are terrorizing Uproar Forest. After Eve and Adam team defeats the Mankey; they peel a Chestnut and give it to the team as a reward, since they were short on money. The Mankey later return in order to get revenge on the four, but they accept these peeled Chestnuts in exchange for helping them renovate Eve and Adam the Team Base. Waldon and Wandol planned to leave Square Town, but were intercepted by a very excited Penny, and were somehow roped into joining her team, and her Spinda Cafe's Project P. They now run the Recycle Shop inside Spinda Cafe, and hire Survey Teams regularly.",Tavern,TODO,Wandol Anselm,Air Continent,TODO,TODO,TODO,TODO,Mystic Purple,Ice,TODO
Will,Mudbray,Male,Standard,"Will, Gab, and Gav, manage together Explorer Express, a railway that goes through the entirety of Dragon Continent. Will was caught by Lovrina while she was Shadow Type, but was saved by Team Unity, Gab, and Gav. They now pay Team Unity to sponsor the Explorer Express whenever they can.",N/A,TODO,Wilhelm Marston,TODO,TODO,TODO,TODO,TODO,TODO,TODO,TODO
Wulfhram,Xatu,Male,Shiny,"Wulfhram resides within the Hill Of The Ancients at the end of Great Canyon. He spends several hours staring at the sun until it's completely set, which somehow gave him the ability to see the future, people's souls, and other things, at the cost of his actual eyesight. He gives Eve and Adam advice at several points. When Eve and Adam defeated [GROUDON], he contacted the entirety of Treasure Town with telepathy to tell them he found the cause of the natural disasters: a falling star, a Great Meteor shooting towards the Air Continent. With Alder (and Giuda, unbeknownst to him) he creates the Teleport Gem so that Eve and Adam can reach Sky Tower and destroy the Great Meteor. The natural disasters became less harsh, but didn't completely stop, which convinced Wulfhram to travel to the Grass Continent for a better view of the sunset. In an effort to socialize, he also opened the Xatu Appraisal in Treasure Town, which specializes in opening any Treasure Boxes found in dungeons. He traveled in several continents, eventually settling in the Sand Dune of Spirits in the Sand Continent. He gets visited by Cooper, who begs Wulfhram to tell him where Selene is. Wulfhram synchronized the Harmony Scarf to its wavelength, and sees a vision of a Mew at Mystery Jungle, but claims to be unable to decipher the rest of the vision. Later on; it is revealed that Wulfhram had foreseen that Selene was trapped inside Libi, and decided to take part of the ''kidnapping'' plan in order to restore Cooper's partner. He has been living back and forth between the Hill Of The Ancients, and the Sand Dune Of Spirits. Lately, he seems sad, as if he's trying to desperately remember something important by staring at the sun.",Origin,"The Sand Summoner, The Diviner Of Sunsets",Wulfhram Allen,Air Continent,TODO,TODO,TODO,TODO,Elegant Violet,Water,TODO
Wyrm,Rayquaza,Unknown,Shiny,"Lungwyrm is a terrifying Rayquaza residing in Sky Tower. Eve and Adam seek them out in hopes of asking them to destroy a meteor before it devastates the planet. However; when they meet them, Wyrm is beyond listening, outraged that two denizens of the land would ""violate the laws of nature"" by coming to the sky. It was clear to Eve that this wasn't the first time that happened, as many other legendaries shared the same opinion of ''violating the laws of nature'' by entering a Legendary or Mythical's domain. After an immense battle that nearly caused Sky Tower to disperse, Wyrm tries to attack again, only to be stopped when the meteor approaches. This makes Wyrm realize that Eve and Adam not only were aware of a future event, probably thanks to another Pokemon that could predict those, but they had a good reason to come to the sky, as Wyrm was the only one that could destroy it. Ever since the Great Meteor's destruction, it's been clear to Wyrm, Eve, and Adam that there's large conflict between ''common'' Pokemon, who beg Legendaries and Mythicals every day to keep their world safe, and ''god'' Pokemon, who resent the world for being too dependant on them. This is especially bad in the Air Continent, so Eve and Adam sometimes visit Wyrm to plan out how to reintegrate the two ''realms'', and which Legendary or Mythical to recruit.",N/A,TODO,Lungwyrm Mikado,Air Continent,TODO,141,802 ~ 3119,238 ~ 505,Stately Silver,Dark,TODO
Xen,Xerneas,Female,Iridescent,TODO,N/A,TODO,Xenocrates Edda,Water Continent,TODO,140,332,196,Gentle Mint Green,Psychic,TODO
Xion,Blitzle,Male,Iridescent,"Ixion used to sell DLC dungeons alongside [FOONGUS] in Post Town, but eventually got bonked by Dairou and Tsutami. Ouch. Now he became friends with Laverne and takes care of her whenever she's not studying in Solstice Village.",N/A,TODO,Ixion Barak,Mist Continent,TODO,60,78 ~ 183,27 ~ 94,Elegant Violet,Grass,TODO
Yasu,Nuzleaf,Male,Standard,"Yasu was one of the two Seedots that was part of Team Shifty. Following Shuniji's hiatus, unlike Nobu, he started living a quiet life.",Shifty,TODO,Yasuke Locke,Air Continent,TODO,TODO,TODO,TODO,TODO,TODO,TODO
Ydra,Yveltal,Male,Iridescent,"Xen used to be the leader of Nobu and the Beheeyem. He announced his intention to destroy all Pokémon; but is later shown to have been controlled the whole time by Dark Matter, along with Nobu and the Beheeyem. He is first seen on Revelation Mountain; where he turns Cooper, Selene, [ARCHEN], Surge and Deluge to stone. He's not seen again until Primeval Forest when he then battles Cooper and Selene, and is subsequently broken free of Dark Matter's control. Inside the Life Tree, he is saved by Cooper and Selene. He then goes on to attack Dark Matter along with Nobu and the Beheeyem until they all get turned to stone themselves. It's unclear where Xen is right now.",N/A,TODO,Yggdrasil Edda,Water Continent,TODO,140,594,190,Energetic Yellow,Ghost,TODO
Yon,Absol,Female,Iridescent,"Yonaka is the daughter of Anto and Aether. One day she disappeared out of thin air, only to return several years later with absolutely no memory and no emotions, and completely enshrouded in a black mist. On rare occasions, she would suddenly burst in red mist instead and attack everyone uncontrollably until people started yelling her name, which for some reason calmed her down. When she appeared in the Nameless Forest, they figured out she became a Shadow Type, and very slowly and very carefully started taking care of her. They even let her hang out around other former Shadow Types that were already purified. When she was close to being purified, Yonaka and the Nameless Forest were suddenly attacked by a bipedal shadow figure, who they narrowly defeated before he disappeared. They suspected that the bipedal Shadow Type might have been a human, which is horrible news, since it meant that living beings other than Pokémon could be Shadows. Eventually, Yonaka was fully purified, and she remembered that during those years she was kidnapped, tortured, and hunt down by the Shadow Human, she found Niko, another human who sacrificed himself in order to save her from the Shadow Human, which instantly turned her heart Iridescent. Yonaka and the Nameless Forest eventually used the Luminous Lake, with the help of an unknown entity, to summon Niko back, but at the cost of turning Niko into a Zangoose. Yonaka and Niko now live together as partners and formed Discovery Team Light, researching how to purify Shadow quickly, and the connection between Shadow Types, Void Shadows, and Dark Matter.",Light,TODO,Yonaka Fubuki,TODO,2003-12-23,250,115 ~ 115,40 ~ 40,Smart Marine Blue,Ice,TODO
Yvonne,Shinx,Female,Iridescent,"Yvonne used to be a quiet girl, until she discovered many students in Solstice Academy are nerds just like her. She likes flirting with boys, very often with disastrous results, which cause her to retreat back to her PoryBook. As of late, she has been keeping track of Hadrian, the Evolution professor, and Cross, a strength obsessed delinquent. She even joined Team Kaizo to keep checking on them.",Kaizo,TODO,Yvonnisse Kennedy,Water Continent,TODO,53,50 ~ 87 ~ 137,10 ~ 30 ~ 41,Cool Sky Blue,Ground,TODO
Zanku,Kyurem ,Male,Standard,"Zanku was the former inhabitant of the Glacier Palace and protector of the Bittercold. Zanku has foresaw the destruction the Bittercold would have brought to the Pokémon world, and saw it as his duty to protect that future due to his pessimistic view of Pokémon's increasing aggression and negativity. He sees Team Tengoku visiting the Glacier Palace, where he insists that the team must leave. Once he ascertained that they didn't know about the Bittercold and that they were just exploring, he concludes they're too innocent to stop it, and gives them a treasure chest of gifts to make them leave. After Dairou defeats Ella and her friends however, he destroys [HYDREIGON] and stomps on Dairou, only ceasing when Tsutami, having completely lost the will to fight, begs him to stop. He is finally defeated by Dairou and Tsutami prior to the final battle against the Bittercold. He then admits that maybe the future can be changed, and that he would like to see Dairou succeed. He rescues them from the falling Great Glacier and retreats to Hoarfrost Tower.",N/A,TODO,Zankuruhimas,Mist Continent,TODO,147,301 ~ 333 ~ 371,324 ~ 325 ~ 328,Subdued Brown,Steel,TODO
Zee,Jolteon,Male,Iridescent,Ai's brother. Where did he come from? Seems very hyper.,N/A,TODO,Zeus Nonaka,Mist Continent,1991-03-15,141,29 ~ 80,7 ~ 25,Mystic Purple,Psychic,TODO
Zephyr,Zygarde,Unknown,Standard,TODO,N/A,TODO,Zephyros Edda,TODO,TODO,140,587,814,Brilliant Green,Flying,TODO
