ID,Gen,Name,Type,AC (MD?),AC,PW,PP,PR,Charge,Recoil,Source,Resistance,Description,TODO Check Description Difference,Target,Effect Chance
1,1,Pound,Normal,100,100,40,35,0,0,0,Attack,Defense,"The target is physically pounded with a long tail, a foreleg, or the like.",The target is physically pounded with a long tail a foreleg or the like.,"One other Pokémon on the field, selected by the trainer.",TODO
2,1,Karate Chop,Fighting,100,100,50,25,0,0,0,Attack,Defense,The target is attacked with a sharp chop. Critical hits land more easily.,The target is attacked with a sharp chop. Critical hits land more easily.,"One other Pokémon on the field, selected by the trainer.",TODO
3,1,Double Slap,Normal,50,85,15,10,0,0,0,Attack,Defense,"The target is slapped repeatedly, back and forth, four times in a row.",The target is slapped repeatedly back and forth two to five times in a row.,"One other Pokémon on the field, selected by the trainer.",TODO
4,1,Comet Punch,Normal,50,85,18,15,0,0,0,Attack,Defense,The target is hit with a flurry of punches that strike four times in a row.,The target is hit with a flurry of punches that strike two to five times in a row.,"One other Pokémon on the field, selected by the trainer.",TODO
5,1,Mega Punch,Normal,80,85,80,20,0,0,0,Attack,Defense,The target is slugged by a punch thrown with muscle-packed power.,The target is slugged by a punch thrown with muscle-packed power.,"One other Pokémon on the field, selected by the trainer.",TODO
6,1,Pay Day,Normal,100,100,40,20,0,0,0,Attack,Defense,Numerous coins are hurled at the target to inflict damage. It causes the target to drop a portion of its money.,Numerous coins are hurled at the target to inflict damage. Money is earned after the battle.,"One other Pokémon on the field, selected by the trainer.",TODO
7,1,Fire Punch,Fire,100,100,75,15,0,0,0,Attack,Defense,The target is punched with a fiery fist. This has a 10% chance to leave the target with a burn.,The target is punched with a fiery fist. This may also leave the target with a burn.,"One other Pokémon on the field, selected by the trainer.",10
8,1,Ice Punch,Ice,100,100,75,15,0,0,0,Attack,Defense,The target is punched with an icy fist. This has a 10% chance to leave the target frozen.,The target is punched with an icy fist. This may also leave the target frozen.,"One other Pokémon on the field, selected by the trainer.",10
9,1,Thunder Punch,Electric,100,100,75,15,0,0,0,Attack,Defense,The target is punched with an electrified fist. This may also leave the target with paralysis.,The target is punched with an electrified fist. This may also leave the target with paralysis.,"One other Pokémon on the field, selected by the trainer.",10
10,1,Scratch,Normal,100,100,40,35,0,0,0,Attack,Defense,"Hard, pointed, sharp claws rake the target to inflict damage.",Hard pointed sharp claws rake the target to inflict damage.,"One other Pokémon on the field, selected by the trainer.",TODO
11,1,Vise Grip,Normal,100,100,55,30,0,0,0,Attack,Defense,The target is gripped and squeezed from both sides to inflict damage. The target becomes immobilized.,The target is gripped and squeezed from both sides to inflict damage.,"One other Pokémon on the field, selected by the trainer.",TODO
12,1,Guillotine,Normal,50,30,,5,0,0,0,Attack,Defense,"A vicious, tearing attack with big pincers. The target faints instantly if it hits.",A vicious tearing attack with big pincers. The target faints instantly if this attack hits.,"One other Pokémon on the field, selected by the trainer.",TODO
13,1,Razor Wind,Normal,100,100,80,10,0,0,0,S. Attack,S. Defense,A two-turn attack. Blades of wind hit opposing Pokémon on the second turn. Critical hits land more easily.,In this two-turn attack blades of wind hit opposing Pokémon on the second turn. Critical hits land more easily.,All opposing Pokémon.,TODO
14,1,Swords Dance,Normal,-1,,,20,0,0,0,None,None,A frenetic dance to uplift the fighting spirit. This sharply raises the Attack stat.,A frenetic dance to uplift the fighting spirit. This sharply raises the user’s Attack stat.,The user.,TODO
15,1,Cut,Normal,90,95,50,30,0,0,0,Attack,Defense,The target is cut with a scythe or claw.,The target is cut with a scythe or claw.,"One other Pokémon on the field, selected by the trainer.",TODO
16,1,Gust,Flying,100,100,40,35,0,0,0,S. Attack,S. Defense,A gust of wind is whipped up by wings and launched at the target to inflict damage.,A gust of wind is whipped up by wings and launched at the target to inflict damage.,"One other Pokémon on the field, selected by the trainer.",TODO
17,1,Wing Attack,Flying,100,100,60,35,0,0,0,Attack,Defense,"The target is struck with large, imposing wings spread wide to inflict damage.",The target is struck with large imposing wings spread wide to inflict damage.,"One other Pokémon on the field, selected by the trainer.",TODO
18,1,Whirlwind,Normal,100,,,20,-6,0,0,None,None,The user generates a powerful wind that blows away other Pokémon.,The target is blown away and a different Pokémon is dragged out. In the wild this ends a battle against a single Pokémon.,"One other Pokémon on the field, selected by the trainer.",TODO
19,1,Fly,Flying,90,95,90,15,0,0,0,Attack,Defense,The user soars and then strikes its target any time in the next 5 turns.,The user soars and then strikes its target on the next turn.,"One other Pokémon on the field, selected by the trainer.",TODO
20,1,Bind,Normal,70,85,15,20,0,0,0,Attack,Defense,Things such as long bodies or tentacles are used to bind and squeeze the target for three turns.,Things such as long bodies or tentacles are used to bind and squeeze the target for four to five turns.,"One other Pokémon on the field, selected by the trainer.",100
21,1,Slam,Normal,80,75,80,20,0,0,0,Attack,Defense,"The target is slammed with a long tail, vines, or the like to inflict damage.",The target is slammed with a long tail vines or the like to inflict damage.,"One other Pokémon on the field, selected by the trainer.",TODO
22,1,Vine Whip,Grass,100,100,45,25,0,0,0,Attack,Defense,"The target is struck with slender, whiplike vines to inflict damage.",The target is struck with slender whiplike vines to inflict damage.,"One other Pokémon on the field, selected by the trainer.",TODO
23,1,Stomp,Normal,100,100,65,20,0,0,0,Attack,Defense,The target is stomped with a big foot. This may also make the target flinch.,The target is stomped with a big foot. This may also make the target flinch.,"One other Pokémon on the field, selected by the trainer.",30
24,1,Double Kick,Fighting,75,100,30,30,0,0,0,Attack,Defense,The target is quickly kicked twice in succession using both feet.,The target is quickly kicked twice in succession using both feet.,"One other Pokémon on the field, selected by the trainer.",TODO
25,1,Mega Kick,Normal,70,75,120,5,0,0,0,Attack,Defense,The target is attacked by a kick launched with muscle-packed power.,The target is attacked by a kick launched with muscle-packed power.,"One other Pokémon on the field, selected by the trainer.",TODO
26,1,Jump Kick,Fighting,85,95,100,10,0,0,0,Attack,Defense,"The user jumps up high, then strikes with a kick. If the kick misses, the user hurts itself.",The user jumps up high then strikes with a kick. If the kick misses the user hurts itself.,"One other Pokémon on the field, selected by the trainer.",TODO
27,1,Rolling Kick,Fighting,75,85,60,15,0,0,0,Attack,Defense,"The user lashes out with a quick, spinning kick. This may also make the target flinch.",The user lashes out with a quick spinning kick. This may also make the target flinch.,"One other Pokémon on the field, selected by the trainer.",30
28,1,Sand Attack,Ground,100,100,,15,0,0,0,None,None,"Sand is hurled in the target's face, reducing the target's Accuracy.",Sand is hurled in the target’s face reducing the target’s accuracy.,"One other Pokémon on the field, selected by the trainer.",TODO
29,1,Headbutt,Normal,100,100,70,15,0,0,0,Attack,Defense,The user sticks out its head and attacks by charging straight into the target. This has a 30% to make the target flinch.,The user sticks out its head and attacks by charging straight into the target. This may also make the target flinch.,"One other Pokémon on the field, selected by the trainer.",30
30,1,Horn Attack,Normal,85,100,65,25,0,0,0,Attack,Defense,The target is jabbed with a sharply pointed horn to inflict damage. Critical hits land more easily.,The target is jabbed with a sharply pointed horn to inflict damage.,"One other Pokémon on the field, selected by the trainer.",TODO
31,1,Fury Attack,Normal,80,85,15,20,0,0,0,Attack,Defense,The target is jabbed repeatedly with a horn or beak five times in a row.,The target is jabbed repeatedly with a horn or beak two to five times in a row.,"One other Pokémon on the field, selected by the trainer.",TODO
32,1,Horn Drill,Normal,50,30,,5,0,0,0,Attack,Defense,The user stabs the target with a horn that rotates like a drill. The target faints instantly if it hits. Fails if the target is a higher level.,The user stabs the target with a horn that rotates like a drill. The target faints instantly if this attack hits.,"One other Pokémon on the field, selected by the trainer.",TODO
33,1,Tackle,Normal,100,100,40,35,0,0,0,Attack,Defense,A physical attack in which the user charges and slams into the target with its whole body.,A physical attack in which the user charges and slams into the target with its whole body.,"One other Pokémon on the field, selected by the trainer.",TODO
34,1,Body Slam,Normal,100,100,85,15,0,0,0,Attack,Defense,The user drops onto the target with its full body weight. This may also leave the target with paralysis.,The user drops onto the target with its full body weight. This may also leave the target with paralysis.,"One other Pokémon on the field, selected by the trainer.",30
35,1,Wrap,Normal,85,90,15,20,0,0,0,Attack,Defense,A long body or vines are used to wrap and squeeze the target for three turns.,A long body vines or the like are used to wrap and  squeeze the target for four to five turns.,"One other Pokémon on the field, selected by the trainer.",100
36,1,Take Down,Normal,80,85,90,20,0,0,0,Attack,Defense,"A reckless, full-body charge attack for slamming into the target. This also damages the user a little.",A reckless full-body charge attack for slamming into the target. This also damages the user a little.,"One other Pokémon on the field, selected by the trainer.",TODO
37,1,Thrash,Normal,100,100,120,10,0,0,0,Attack,Defense,The user rampages and attacks for three turns. The user then becomes confused.,The user rampages and attacks for two to three turns. The user then becomes confused.,"One opposing Pokémon, selected at random.",TODO
38,1,Double Edge,Normal,100,100,120,15,0,0,0,Attack,Defense,"A reckless, life-risking tackle. This also gives the user 33% recoil damage.",A reckless life-risking tackle. This also damages the user quite a lot.,"One other Pokémon on the field, selected by the trainer.",TODO
39,1,Tail Whip,Normal,100,100,,30,0,0,0,None,None,"The user wags its tail cutely, making opposing Pokémon less wary and lowering their Defense stat.",The user wags its tail cutely making opposing Pokémon less wary and lowering their Defense stat.,All opposing Pokémon.,TODO
40,1,Poison Sting,Poison,100,100,15,35,0,0,0,Attack,Defense,The user stabs the target with a poisonous stinger. This may also poison the target.,The user stabs the target with a poisonous stinger. This may also poison the target.,"One other Pokémon on the field, selected by the trainer.",30
41,1,Twineedle,Bug,100,100,25,20,0,0,0,Attack,Defense,The user damages the target twice in succession by jabbing it with two spikes. This may also poison the target.,The user damages the target twice in succession by jabbing it with two spikes. This may also poison the target.,"One other Pokémon on the field, selected by the trainer.",20
42,1,Pin Missile,Bug,50,95,25,20,0,0,0,Attack,Defense,Sharp spikes are shot at the target in rapid succession. They hit four times in a row.,Sharp spikes are shot at the target in rapid succession. They hit two to five times in a row.,"One other Pokémon on the field, selected by the trainer.",TODO
43,1,Leer,Normal,100,100,,30,0,0,0,None,None,The user gives opposing Pokémon an intimidating leer that lowers the Defense stat.,The user gives opposing Pokémon an intimidating leer that lowers the Defense stat.,All opposing Pokémon.,100
44,1,Bite,Dark,100,100,60,25,0,0,0,Attack,Defense,The target is bitten with viciously sharp fangs. This has a 30% chance to make the target flinch.,The target is bitten with viciously sharp fangs. This may also make the target flinch.,"One other Pokémon on the field, selected by the trainer.",30
45,1,Growl,Normal,100,100,,40,0,0,0,None,None,"The user growls in an endearing way, making opposing Pokémon less wary. This lowers their Attack stats.",The user growls in an endearing way making opposing Pokémon less wary. This lowers their Attack stat.,All opposing Pokémon.,TODO
46,1,Roar,Normal,100,,,20,-6,0,0,None,None,The user makes a terrifying roar that blows back opposing Pokémon.,The target is scared off and a different Pokémon is dragged out. In the wild this ends a battle against a single Pokémon.,"One other Pokémon on the field, selected by the trainer.",TODO
47,1,Sing,Normal,85,55,,15,0,0,0,None,None,A soothing lullaby is sung in a calming voice that puts the target into a deep slumber.,A soothing lullaby is sung in a calming voice that puts the target into a deep slumber.,"One other Pokémon on the field, selected by the trainer.",TODO
48,1,Supersonic,Normal,50,55,,20,0,0,0,None,None,The user generates odd sound waves from its body that confuse the target.,The user generates odd sound waves from its body that confuse the target.,"One other Pokémon on the field, selected by the trainer.",TODO
49,1,Sonic Boom,Normal,100,90,,20,0,0,0,S. Attack,S. Defense,The target is hit with a destructive shock wave that always inflicts 1/4 of the target's max HP.,The target is hit with a destructive shock wave that always inflicts 20 HP damage.,"One other Pokémon on the field, selected by the trainer.",TODO
50,1,Disable,Normal,100,100,,20,0,0,0,None,None,This move prevents the target from using the move it last used.,For four turns this move prevents the target from using the move it last used.,"One other Pokémon on the field, selected by the trainer.",TODO
51,1,Acid,Poison,100,100,40,30,0,0,0,S. Attack,S. Defense,The opposing Pokémon are attacked with a spray of harsh acid. This may also lower their Sp. Def stats.,The opposing Pokémon are attacked with a spray of harsh acid. This may also lower their Sp. Def stat.,All opposing Pokémon.,10
52,1,Ember,Fire,100,100,40,25,0,0,0,S. Attack,S. Defense,The target is attacked with small flames. This may also leave the target with a burn.,The target is attacked with small flames. This may also leave the target with a burn.,"One other Pokémon on the field, selected by the trainer.",10
53,1,Flamethrower,Fire,100,100,90,15,0,0,0,S. Attack,S. Defense,The target is scorched with an intense blast of fire. This may also leave the target with a burn.,The target is scorched with an intense blast of fire. This may also leave the target with a burn.,"One other Pokémon on the field, selected by the trainer.",10
54,1,Mist,Ice,-1,,,30,0,0,0,None,None,The user cloaks itself and its allies in a white mist that prevents any of their stats from being lowered for ten turns.,The user cloaks itself and its allies in a white mist that prevents any of their stats from being lowered for five turns.,The user's side of the field.  Affects the user and its ally (if any).,TODO
55,1,Water Gun,Water,100,100,40,25,0,0,0,S. Attack,S. Defense,The target is blasted with a forceful shot of water.,The target is blasted with a forceful shot of water.,"One other Pokémon on the field, selected by the trainer.",TODO
56,1,Hydro Pump,Water,75,80,110,5,0,0,0,S. Attack,S. Defense,The target is blasted by a huge volume of water launched under great pressure.,The target is blasted by a huge volume of water launched under great pressure.,"One other Pokémon on the field, selected by the trainer.",TODO
57,1,Surf,Water,100,100,90,15,0,0,0,S. Attack,S. Defense,The user attacks everything around it by swamping its surroundings with a giant wave. Diving foes are hit with double damage.,The user attacks everything around it by swamping its surroundings with a giant wave.,Every other Pokémon on the field.,TODO
58,1,Ice Beam,Ice,100,100,90,10,0,0,0,S. Attack,S. Defense,The target is struck with an icy-cold beam of energy. This has a 10% chance to leave the target frozen.,The target is struck with an icy-cold beam of energy. This may also leave the target frozen.,"One other Pokémon on the field, selected by the trainer.",10
59,1,Blizzard,Ice,70,70,110,5,0,0,0,S. Attack,S. Defense,A howling blizzard is summoned to strike opposing Pokémon. This has a 10% chance to leave the opposing Pokémon frozen. It never misses in Hail.,A howling blizzard is summoned to strike opposing Pokémon. This may also leave the opposing Pokémon frozen.,All opposing Pokémon.,10
60,1,Psybeam,Psychic,100,100,65,20,0,0,0,S. Attack,S. Defense,The target is attacked with a peculiar ray. This may also leave the target confused.,The target is attacked with a peculiar ray. This may also leave the target confused.,"One other Pokémon on the field, selected by the trainer.",10
61,1,Bubble Beam,Water,100,100,65,20,0,0,0,S. Attack,S. Defense,A spray of bubbles is forcefully ejected at the target. This may also lower its Movement Speed.,A spray of bubbles is forcefully ejected at the target. This may also lower its Speed stat.,"One other Pokémon on the field, selected by the trainer.",10
62,1,Aurora Beam,Ice,100,100,65,20,0,0,0,S. Attack,S. Defense,The target is hit with a rainbow-colored beam. This may also lower the target's Attack stat.,The target is hit with a rainbow-colored beam. This may also lower the target’s Attack stat.,"One other Pokémon on the field, selected by the trainer.",10
63,1,Hyper Beam,Normal,90,90,150,5,0,0,1,S. Attack,S. Defense,The user attacks with a destructive beam. The user can't move on the next three turns.,The target is attacked with a powerful beam. The user can’t move on the next turn.,"One other Pokémon on the field, selected by the trainer.",TODO
64,1,Peck,Flying,100,100,35,35,0,0,0,Attack,Defense,The target is jabbed with a sharply pointed beak or horn.,The target is jabbed with a sharply pointed beak or horn.,"One other Pokémon on the field, selected by the trainer.",TODO
65,1,Drill Peck,Flying,100,100,80,20,0,0,0,Attack,Defense,A corkscrewing attack with a sharp beak acting as a drill.,A corkscrewing attack with a sharp beak acting as a drill.,"One other Pokémon on the field, selected by the trainer.",TODO
66,1,Submission,Fighting,75,80,80,20,0,0,0,Attack,Defense,The user grabs the target and recklessly dives for the ground. This also damages the user a little.,The user grabs the target and recklessly dives for the ground. This also damages the user a little.,"One other Pokémon on the field, selected by the trainer.",TODO
67,1,Low Kick,Fighting,100,100,,20,0,0,0,Attack,Weight,"A powerful low kick that makes the target fall over. The heavier the target, the greater the move's power.",A powerful low kick that makes the target fall over. The heavier the target the greater the move’s power.,"One other Pokémon on the field, selected by the trainer.",TODO
68,1,Counter,Fighting,-1,100,,20,-5,0,0,Attack,Defense,"A retaliation move that counters any physical attack, inflicting double the damage taken.",A retaliation move that counters any physical attack inflicting double the damage taken.,One specific move.  How this move is chosen depends upon on the move being used.,TODO
69,1,Seismic Toss,Fighting,100,100,,20,0,0,0,Attack,Defense,The target is thrown using the power of gravity. It inflicts damage equal to the user's level.,The target is thrown using the power of gravity. It inflicts damage equal to the user’s level.,"One other Pokémon on the field, selected by the trainer.",TODO
70,1,Strength,Normal,100,100,80,15,0,0,0,Attack,Defense,"The target is slugged with a punch thrown at maximum power, pushing them back.",The target is slugged with a punch thrown at maximum power.,"One other Pokémon on the field, selected by the trainer.",TODO
71,1,Absorb,Grass,100,100,20,25,0,0,0,S. Attack,S. Defense,A nutrient-draining attack. The user’s HP is restored by half the damage taken by the target.,A nutrient-draining attack. The user’s HP is restored by half the damage taken by the target.,"One other Pokémon on the field, selected by the trainer.",TODO
72,1,Mega Drain,Grass,100,100,40,15,0,0,0,S. Attack,S. Defense,A nutrient-draining attack. The user's HP is restored by half the damage taken by the target.,A nutrient-draining attack. The user’s HP is restored by half the damage taken by the target.,"One other Pokémon on the field, selected by the trainer.",TODO
73,1,Leech Seed,Grass,85,90,,10,0,0,0,None,None,A seed is planted on the target. It steals some HP from the target every turn.,A seed is planted on the target. It steals some HP from the target every turn.,"One other Pokémon on the field, selected by the trainer.",TODO
74,1,Growth,Normal,-1,,,20,0,0,0,None,None,"The user's body grows all at once, raising the Attack and Sp. Atk stats. The effect is doubled under Sunny Day.",The user’s body grows all at once raising the Attack and Sp. Atk stats.,The user.,TODO
75,1,Razor Leaf,Grass,100,95,55,25,0,0,0,Attack,Defense,Sharp-edged leaves are launched to slash at the opposing Pokémon. Critical hits land more easily.,Sharp-edged leaves are launched to slash at the opposing Pokémon. Critical hits land more easily.,All opposing Pokémon.,TODO
76,1,Solar Beam,Grass,100,100,120,10,0,1,0,S. Attack,S. Defense,"A two-turn attack. The user gathers light, then blasts a bundled beam on the next turn. In sunlight, the charge is skipped and it never misses.",In this two-turn attack the user gathers light then blasts a bundled beam on the next turn.,"One other Pokémon on the field, selected by the trainer.",TODO
77,1,Poison Powder,Poison,50,75,,35,0,0,0,None,None,The user scatters a cloud of poisonous dust that poisons the target.,The user scatters a cloud of poisonous dust that poisons the target.,"One other Pokémon on the field, selected by the trainer.",TODO
78,1,Stun Spore,Grass,50,75,,30,0,0,0,None,None,The user scatters a cloud of numbing powder that paralyzes the target.,The user scatters a cloud of numbing powder that paralyzes the target.,"One other Pokémon on the field, selected by the trainer.",TODO
79,1,Sleep Powder,Grass,50,75,,15,0,0,0,None,None,The user scatters a big cloud of sleep-inducing dust around the target.,The user scatters a big cloud of sleep-inducing dust around the target.,"One other Pokémon on the field, selected by the trainer.",TODO
80,1,Petal Dance,Grass,100,100,120,10,0,0,0,S. Attack,S. Defense,The user attacks the target by scattering petals for three turns. The user then becomes confused.,The user attacks the target by scattering petals for two to three turns. The user then becomes confused.,"One opposing Pokémon, selected at random.",TODO
81,1,String Shot,Bug,100,95,,40,0,0,0,None,None,The opposing Pokémon are bound with silk blown from the user's mouth that lowers Movement Speed.,The opposing Pokémon are bound with silk blown from the user’s mouth that harshly lowers the Speed stat.,All opposing Pokémon.,TODO
82,1,Dragon Rage,Dragon,100,100,,10,0,0,0,S. Attack,S. Defense,This attack hits the target with a shock wave of pure rage. This attack inflicts damage equal to the amount of HP the user is missing.,This attack hits the target with a shock wave of pure rage. This attack always inflicts 40 HP damage.,"One other Pokémon on the field, selected by the trainer.",TODO
83,1,Fire Spin,Fire,100,85,35,15,0,0,0,S. Attack,S. Defense,The target becomes trapped within a fierce vortex of fire that rages for three to five turns.,The target becomes trapped within a fierce vortex of fire that rages for four to five turns.,"One other Pokémon on the field, selected by the trainer.",100
84,1,Thunder Shock,Electric,100,100,40,30,0,0,0,S. Attack,S. Defense,A jolt of electricity crashes down on the target to inflict damage. This may also leave the target with paralysis.,A jolt of electricity crashes down on the target to inflict damage. This may also leave the target with paralysis.,"One other Pokémon on the field, selected by the trainer.",10
85,1,Thunderbolt,Electric,100,100,90,15,0,0,0,S. Attack,S. Defense,A strong electric blast crashes down on the target. This may also leave the target with paralysis.,A strong electric blast crashes down on the target. This may also leave the target with paralysis.,"One other Pokémon on the field, selected by the trainer.",10
86,1,Thunder Wave,Electric,100,90,,20,0,0,0,None,None,The user launches a weak jolt of electricity that paralyzes the target.,The user launches a weak jolt of electricity that paralyzes the target.,"One other Pokémon on the field, selected by the trainer.",TODO
87,1,Thunder,Electric,70,70,110,10,0,0,0,S. Attack,S. Defense,A wicked thunderbolt is dropped on the target to inflict damage. This may also leave the target with paralysis. It can't miss in the rain.,A wicked thunderbolt is dropped on the target to inflict damage. This may also leave the target with paralysis.,"One other Pokémon on the field, selected by the trainer.",30
88,1,Rock Throw,Rock,85,90,50,15,0,0,0,Attack,Defense,The user picks up and throws a small rock at the target to attack.,The user picks up and throws a small rock at the target to attack.,"One other Pokémon on the field, selected by the trainer.",TODO
89,1,Earthquake,Ground,100,100,100,10,0,0,0,Attack,Defense,The user sets off an earthquake that strikes every Pokémon around it. It does double damage on digging foes.,The user sets off an earthquake that strikes every Pokémon around it.,Every other Pokémon on the field.,TODO
90,1,Fissure,Ground,50,30,,5,0,0,0,Attack,Defense,The user opens up a fissure in the ground and drops foes in. The target faints instantly if it hits. Fails if the target is a higher level.,The user opens up a fissure in the ground and drops the target in. The target faints instantly if this attack hits.,"One other Pokémon on the field, selected by the trainer.",TODO
91,1,Dig,Ground,100,100,80,10,0,1,0,Attack,Defense,"The user burrows, then attacks any time in the next 5 turns.",The user burrows then attacks on the next turn.,"One other Pokémon on the field, selected by the trainer.",TODO
92,1,Toxic,Poison,85,90,,10,0,0,0,None,None,A move that leaves the target badly poisoned. Its poison damage worsens every turn.,A move that leaves the target badly poisoned. Its poison damage worsens every turn.,"One other Pokémon on the field, selected by the trainer.",TODO
93,1,Confusion,Psychic,100,100,50,25,0,0,0,S. Attack,S. Defense,The target is hit by a weak telekinetic force. This may also confuse the target.,The target is hit by a weak telekinetic force. This may also confuse the target.,"One other Pokémon on the field, selected by the trainer.",10
94,1,Psychic,Psychic,100,100,90,10,0,0,0,S. Attack,S. Defense,The target is hit by a strong telekinetic force. This has a 10% chance to lower the target's Sp. Def stat.,The target is hit by a strong telekinetic force. This may also lower the target’s Sp. Def stat.,"One other Pokémon on the field, selected by the trainer.",10
95,1,Hypnosis,Psychic,50,60,,20,0,0,0,None,None,The user employs hypnotic suggestion to make the target fall into a deep sleep.,The user employs hypnotic suggestion to make the target fall into a deep sleep.,"One other Pokémon on the field, selected by the trainer.",TODO
96,1,Meditate,Psychic,-1,,,40,0,0,0,None,None,The user meditates to awaken the power deep within its body and raise its Attack stat.,The user meditates to awaken the power deep within its body and raise its Attack stat.,The user.,TODO
97,1,Agility,Psychic,-1,,,30,0,0,0,None,None,The user relaxes and lightens the body to raise Movement Speed.,The user relaxes and lightens its body to move faster. This sharply raises the Speed stat.,The user.,TODO
98,1,Quick Attack,Normal,100,100,40,30,1,0,0,Attack,Defense,The user lunges at the target at a speed that makes it almost invisible.,The user lunges at the target at a speed that makes it almost invisible. This move always goes first.,"One other Pokémon on the field, selected by the trainer.",TODO
99,1,Rage,Normal,-1,100,20,20,0,0,0,Attack,Defense,"As long as this move is in use, the power of rage raises the Attack stat each time the user is hit in battle.",As long as this move is in use the power of rage raises the Attack stat each time the user is hit in battle.,"One other Pokémon on the field, selected by the trainer.",TODO
100,1,Teleport,Psychic,-1,,,20,-6,0,0,None,None,The user warps itself and nearby allies to a random location on the floor.,Use it to flee from any wild Pokémon.,The user.,TODO
101,1,Night Shade,Ghost,100,100,,15,0,0,0,S. Attack,S. Defense,The user makes the target see a frightening mirage. It inflicts damage equal to the user's level.,The user makes the target see a frightening mirage. It inflicts damage equal to the user’s level.,"One other Pokémon on the field, selected by the trainer.",TODO
102,1,Mimic,Normal,-1,,,10,0,0,0,None,None,The user copies the target's last move. The move can be used during battle until the next floor is reached.,The user copies the target’s last move. The move can be used during battle until the Pokémon is switched out.,"One other Pokémon on the field, selected by the trainer.",TODO
103,1,Screech,Normal,85,85,,40,0,0,0,None,None,An earsplitting screech harshly lowers the target's Defense stat.,An earsplitting screech harshly lowers the target’s Defense stat.,"One other Pokémon on the field, selected by the trainer.",TODO
104,1,Double Team,Normal,-1,,,15,0,0,0,None,None,"By moving rapidly, the user makes illusory copies of itself to raise its evasiveness.",By moving rapidly the user makes illusory copies of itself to raise its evasiveness.,The user.,TODO
105,1,Recover,Normal,-1,,,10,0,0,0,None,None,"Restoring its own cells, the user restores its own HP by half of its max HP.",Restoring its own cells the user restores its own HP by half of its max HP.,The user.,TODO
106,1,Harden,Normal,-1,,,30,0,0,0,None,None,The user stiffens all the muscles in its body to raise its Defense stat.,The user stiffens all the muscles in its body to raise its Defense stat.,The user.,TODO
107,1,Minimize,Normal,-1,,,10,0,0,0,None,None,"The user compresses its body to make itself look smaller, which sharply raises its evasiveness.",The user compresses its body to make itself look smaller which sharply raises its evasiveness.,The user.,TODO
108,1,Smokescreen,Normal,100,100,,20,0,0,0,None,None,The user releases an obscuring cloud of smoke or ink. This lowers the target's Accuracy.,The user releases an obscuring cloud of smoke or ink. This lowers the target’s accuracy.,"One other Pokémon on the field, selected by the trainer.",TODO
109,1,Confuse Ray,Ghost,100,100,,10,0,0,0,None,None,The target is exposed to a sinister ray that triggers confusion.,The target is exposed to a sinister ray that triggers confusion.,"One other Pokémon on the field, selected by the trainer.",TODO
110,1,Withdraw,Water,-1,,,40,0,0,0,None,None,"The user withdraws its body into its hard shell, raising its Defense stat.",The user withdraws its body into its hard shell raising its Defense stat.,The user.,TODO
111,1,Defense Curl,Normal,-1,,,40,0,0,0,None,None,The user curls up to conceal weak spots and raise its Defense stat.,The user curls up to conceal weak spots and raise its Defense stat.,The user.,TODO
112,1,Barrier,Psychic,-1,,,20,0,0,0,None,None,The user throws up a sturdy wall that sharply raises the party's Defense stat.,The user throws up a sturdy wall that sharply raises its Defense stat.,The user.,TODO
113,1,Light Screen,Psychic,-1,,,30,0,0,0,None,None,A wondrous wall of light is put up to reduce damage from special attacks for ten turns.,A wondrous wall of light is put up to reduce damage from special attacks for five turns.,The user's side of the field.  Affects the user and its ally (if any).,TODO
114,1,Haze,Ice,-1,,,30,0,0,0,None,None,The user creates a haze that eliminates every stat change for all Pokemon nearby.,The user creates a haze that eliminates every stat change among all the Pokémon engaged in battle.,The entire field.  Affects all Pokémon.,TODO
115,1,Reflect,Psychic,-1,,,20,0,0,0,None,None,A wondrous wall of light is put up to reduce damage from physical attacks for ten turns.,A wondrous wall of light is put up to reduce damage from physical attacks for five turns.,The user's side of the field.  Affects the user and its ally (if any).,TODO
116,1,Focus Energy,Normal,-1,,,30,0,0,0,None,None,The user takes a deep breath and focuses so that critical hits land more easily.,The user takes a deep breath and focuses so that critical hits land more easily.,The user.,TODO
117,1,Bide,Normal,-1,,,10,1,2,0,Attack,Defense,"The user endures attacks for two turns, then strikes back to cause double the damage taken.",The user endures attacks for two turns then strikes back to cause double the damage taken.,The user.,TODO
118,1,Metronome,Normal,-1,,,10,0,0,0,None,None,The user waggles a finger and stimulates its brain into randomly using nearly any move.,The user waggles a finger and stimulates its brain into randomly using nearly any move.,The user.,TODO
119,1,Mirror Move,Flying,-1,,,20,0,0,0,None,None,The user counters the target by mimicking the last move used on it.,The user counters the target by mimicking the target’s last move.,"One other Pokémon on the field, selected by the trainer.",TODO
120,1,Self Destruct,Normal,100,100,200,5,0,0,0,Attack,Defense,The user attacks everything around it by causing an explosion. The user takes some damage too.,The user attacks everything around it by causing an explosion. The user faints upon using this move.,Every other Pokémon on the field.,TODO
121,1,Egg Bomb,Normal,75,75,100,10,0,0,0,Attack,Defense,A large egg is hurled at the target with maximum force to inflict damage.,A large egg is hurled at the target with maximum force to inflict damage.,"One other Pokémon on the field, selected by the trainer.",TODO
122,1,Lick,Ghost,100,100,30,30,0,0,0,Attack,Defense,The target is licked with a long tongue. This may also leave the target with paralysis.,The target is licked with a long tongue causing damage. This may also leave the target with paralysis.,"One other Pokémon on the field, selected by the trainer.",30
123,1,Smog,Poison,85,70,30,20,0,0,0,S. Attack,S. Defense,The target is attacked with a discharge of filthy gases. This may also poison the target.,The target is attacked with a discharge of filthy gases. This may also poison the target.,"One other Pokémon on the field, selected by the trainer.",40
124,1,Sludge,Poison,100,100,65,20,0,0,0,S. Attack,S. Defense,Unsanitary sludge is hurled at the target. This may also poison the target.,Unsanitary sludge is hurled at the target. This may also poison the target.,"One other Pokémon on the field, selected by the trainer.",30
125,1,Bone Club,Ground,100,85,65,20,0,0,0,Attack,Defense,The user clubs the target with a bone. This has a 10% chance to make the target flinch.,The user clubs the target with a bone. This may also make the target flinch.,"One other Pokémon on the field, selected by the trainer.",10
126,1,Fire Blast,Fire,85,85,110,5,0,0,0,S. Attack,S. Defense,The target is attacked with an intense blast of all-consuming fire. Has a 10% chance to leave the target with a burn.,The target is attacked with an intense blast of all-consuming fire. This may also leave the target with a burn.,"One other Pokémon on the field, selected by the trainer.",10
127,1,Waterfall,Water,100,100,80,15,0,0,0,Attack,Defense,The user charges at the target with enough force to climb a waterfall. This may also make the target flinch.,The user charges at the target and may make it flinch.,"One other Pokémon on the field, selected by the trainer.",20
128,1,Clamp,Water,80,85,35,15,0,0,0,Attack,Defense,The target is clamped and squeezed by the user's very thick and sturdy shell for three turns.,The target is clamped and squeezed by the user’s very thick and sturdy shell for four to five turns.,"One other Pokémon on the field, selected by the trainer.",100
129,1,Swift,Normal,-1,,60,20,0,0,0,S. Attack,S. Defense,Star-shaped rays are shot at the opposing Pokémon. This attack never misses.,Star-shaped rays are shot at the opposing Pokémon. This attack never misses.,All opposing Pokémon.,TODO
130,1,Skull Bash,Normal,100,100,130,10,0,0,0,Attack,Defense,"The user tucks in its head to raise its Defense in the first turn, then rams the target on the next turn.",The user tucks in its head to raise its Defense stat on the first turn then rams the target on the next turn.,"One other Pokémon on the field, selected by the trainer.",100
131,1,Spike Cannon,Normal,80,100,20,15,0,0,0,Attack,Defense,Sharp spikes are shot at the target in rapid succession. They hit five times in a row.,Sharp spikes are shot at the target in rapid succession. They hit two to five times in a row.,"One other Pokémon on the field, selected by the trainer.",TODO
132,1,Constrict,Normal,100,100,10,35,0,0,0,Attack,Defense,"The target is attacked with long, creeping tentacles or vines. This will also lower the target's Movement Speed.",The target is attacked with long creeping tentacles vines or the like. This may also lower the target’s  Speed stat.,"One other Pokémon on the field, selected by the trainer.",10
133,1,Amnesia,Psychic,-1,,,20,0,0,0,None,None,The user temporarily empties its mind to forget its concerns. This sharply raises the user's Sp. Def stat.,The user temporarily empties its mind to forget its concerns. This sharply raises the user’s Sp. Def stat.,The user.,TODO
134,1,Kinesis,Psychic,75,80,,15,0,0,0,None,None,The user distracts the target by bending a spoon. This lowers the target's Accuracy.,The user distracts the target by bending a spoon. This lowers the target’s accuracy.,"One other Pokémon on the field, selected by the trainer.",TODO
135,1,Soft Boiled,Normal,-1,,,10,0,0,0,None,None,The user restores an ally's HP by up to half of its max HP.,The user restores its own HP by up to half of its max HP.,The user.,TODO
136,1,High Jump Kick,Fighting,75,90,130,10,0,0,0,Attack,Defense,"The target is attacked with a knee kick from a jump. If it misses, the user is hurt with a massive 50% recoil instead.",The target is attacked with a knee kick from a jump. If it misses the user is hurt instead.,"One other Pokémon on the field, selected by the trainer.",TODO
137,1,Glare,Normal,100,100,,30,0,0,0,None,None,The user intimidates the target with a snake glare to cause paralysis.,The user intimidates the target with the pattern on its belly to cause paralysis.,"One other Pokémon on the field, selected by the trainer.",TODO
138,1,Dream Eater,Psychic,100,100,100,15,0,0,0,S. Attack,S. Defense,The user eats the dreams of a sleeping target. It absorbs half the damage caused to heal its own HP.,The user eats the dreams of a sleeping target. It absorbs half the damage caused to heal its own HP.,"One other Pokémon on the field, selected by the trainer.",TODO
139,1,Poison Gas,Poison,85,90,,40,0,0,0,None,None,"A cloud of poison gas is sprayed in the face of opposing Pokémon, poisoning those hit.",A cloud of poison gas is sprayed in the face of opposing Pokémon poisoning those hit.,All opposing Pokémon.,TODO
140,1,Barrage,Normal,85,85,15,20,0,0,0,Attack,Defense,Round objects are hurled at the target to strike five times in a row.,Round objects are hurled at the target to strike two to five times in a row.,"One other Pokémon on the field, selected by the trainer.",TODO
141,1,Leech Life,Bug,100,100,80,10,0,0,0,Attack,Defense,The user drains the target's blood. The user's HP is restored by half the damage.,The user drains the target’s blood. The user’s HP is restored by half the damage taken by the target.,"One other Pokémon on the field, selected by the trainer.",TODO
142,1,Lovely Kiss,Normal,100,75,,10,0,0,0,None,None,"With a scary face, the user tries to force a kiss on the target. If it succeeds, the target falls asleep.",With a scary face the user tries to force a kiss on the target. If it succeeds the target falls asleep.,"One other Pokémon on the field, selected by the trainer.",TODO
143,1,Sky Attack,Flying,100,90,140,5,0,0,0,Attack,Defense,A two-turn attack. This has a 30% chance to  make the target flinch.,A second-turn attack move where critical hits land more easily. This may also make the target flinch.,"One other Pokémon on the field, selected by the trainer.",30
144,1,Transform,Normal,-1,,,10,0,0,0,None,None,The user transforms into a copy of the target right down to having the same move set.,The user transforms into a copy of the target right down to having the same move set.,"One other Pokémon on the field, selected by the trainer.",TODO
145,1,Bubble,Water,100,100,40,30,0,0,0,S. Attack,S. Defense,A spray of countless bubbles is jetted at the target. This may also lower the target's Movement Speed.,A spray of countless bubbles is jetted at the opposing Pokémon. This may also lower their Speed stat.,All opposing Pokémon.,10
146,1,Dizzy Punch,Normal,100,100,70,10,0,0,0,Attack,Defense,The target is hit with rhythmically launched punches. This may also leave the target confused.,The target is hit with rhythmically launched punches. This may also leave the target confused.,"One other Pokémon on the field, selected by the trainer.",20
147,1,Spore,Grass,100,100,,15,0,0,0,None,None,The user scatters bursts of spores that induce sleep.,The user scatters bursts of spores that induce sleep.,"One other Pokémon on the field, selected by the trainer.",TODO
148,1,Flash,Normal,90,100,,20,0,0,0,None,None,The user flashes a bright light that lowers the target’s accuracy.,The user flashes a bright light that cuts the target’s accuracy.,"One other Pokémon on the field, selected by the trainer.",TODO
149,1,Psywave,Psychic,100,100,,15,0,0,0,S. Attack,S. Defense,The target is attacked with an odd psychic wave. The attack varies in intensity.,The target is attacked with an odd psychic wave. The attack varies in intensity.,"One other Pokémon on the field, selected by the trainer.",TODO
150,1,Splash,Normal,-1,,,40,0,0,0,None,None,The user flops over the target to get behind it.,The user just flops and splashes around to no effect at all...,The user.,TODO
151,1,Acid Armor,Poison,-1,,,20,0,0,0,None,None,"The user alters its cellular structure to liquefy itself, sharply raising its Defense stat by 2 stages.",The user alters its cellular structure to liquefy itself sharply raising its Defense stat.,The user.,TODO
152,1,Crabhammer,Water,80,90,100,10,0,0,0,Attack,Defense,The target is hammered with a large pincer. Critical hits land more easily.,The target is hammered with a large pincer. Critical hits land more easily.,"One other Pokémon on the field, selected by the trainer.",TODO
153,1,Explosion,Normal,100,100,250,5,0,0,0,Attack,Defense,The user attacks everything around it by causing a tremendous explosion. The user takes damage as well.,The user attacks everything around it by causing a tremendous explosion. The user faints upon using this move.,Every other Pokémon on the field.,TODO
154,1,Fury Swipes,Normal,50,80,18,15,0,0,0,Attack,Defense,The target is raked with sharp claws or scythes quickly two to five times in a row.,The target is raked with sharp claws or scythes quickly two to five times in a row.,"One other Pokémon on the field, selected by the trainer.",TODO
155,1,Bonemerang,Ground,80,90,50,10,0,0,0,Attack,Defense,"The user throws the bone it holds. The bone loops to hit the target twice, coming and going. This move bypasses Levitate and Flying Types.",The user throws the bone it holds. The bone loops around to hit the target twice—coming and going.,"One other Pokémon on the field, selected by the trainer.",TODO
156,1,Rest,Psychic,-1,,,10,0,0,0,None,None,The user goes to sleep for several turns. This fully restores the user's HP and heals any status conditions.,The user goes to sleep for two turns. This fully restores the user’s HP and heals any status conditions.,The user.,TODO
157,1,Rock Slide,Rock,90,90,75,10,0,0,0,Attack,Defense,Large boulders are hurled at the opposing Pokémon to inflict damage. This has a 30% chance to  make the target flinch.,Large boulders are hurled at the opposing Pokémon to inflict damage. This may also make the opposing Pokémon flinch.,All opposing Pokémon.,30
158,1,Hyper Fang,Normal,100,90,80,15,0,0,0,Attack,Defense,The user bites hard on the target with its sharp front fangs. This may also make the target flinch.,The user bites hard on the target with its sharp front fangs. This may also make the target flinch.,"One other Pokémon on the field, selected by the trainer.",10
159,1,Sharpen,Normal,-1,,,30,0,0,0,None,None,"The user lowers its polygon count to make itself more jagged, sharply raising the Attack stat.",The user makes its edges more jagged  which raises its Attack stat.,The user.,TODO
160,1,Conversion,Normal,-1,,,30,0,0,0,None,None,"The user gives itself the Conversion status, which changes its type to match its moves.",The user changes its type to become the same type as the move at the top of the list of moves it knows.,The user.,TODO
161,1,Tri Attack,Normal,100,100,80,10,0,0,0,S. Attack,S. Defense,"The user strikes with a simultaneous three-beam attack. May also burn, freeze, or paralyze the target.",The user strikes with a simultaneous three-beam attack. May also burn freeze or paralyze the target.,"One other Pokémon on the field, selected by the trainer.",20
162,1,Super Fang,Normal,100,90,,10,0,0,0,Attack,Defense,The user chomps hard on the target with its sharp front fangs. This cuts the target's HP in half.,The user chomps hard on the target with its sharp front fangs. This cuts the target’s HP in half.,"One other Pokémon on the field, selected by the trainer.",TODO
163,1,Slash,Normal,100,100,70,20,0,0,0,Attack,Defense,The target is attacked with a slash of claws or blades. Critical hits land more easily.,The target is attacked with a slash of claws or blades. Critical hits land more easily.,"One other Pokémon on the field, selected by the trainer.",TODO
164,1,Substitute,Normal,-1,,,10,0,0,0,None,None,"The user turns the target into a decoy, making it a target for other Pokémon.",The user makes a copy of itself using some of its HP. The copy serves as the user’s decoy.,The user.,TODO
165,1,Struggle,Normal,-1,,50,1,0,0,0,Attack,Defense,An attack that is used in desperation only if the user has no PP. This also damages the user a little.,This attack is used in desperation only if the user has no PP. It also damages the user a little.,"One opposing Pokémon, selected at random.",TODO
166,1,Moon Cannon ,Fairy,TODO,TODO,150,TODO,TODO,0,1,S. Attack,S. Defense,1 turn recharge,,TODO,TODO
167,2,Sketch,Normal,-1,,,1,0,0,0,None,None,"It enables the user to permanently learn the move last used by the target. Once used, Sketch disappears.",It enables the user to permanently learn the move last used by the target. Once used Sketch disappears.,"One other Pokémon on the field, selected by the trainer.",TODO
168,2,Triple Kick,Fighting,50,90,10,10,0,0,0,Attack,Defense,A consecutive three-kick attack that becomes more powerful with each successive hit.,A consecutive three-kick attack that becomes more powerful with each successful hit.,"One other Pokémon on the field, selected by the trainer.",TODO
169,2,Thief,Dark,100,100,60,25,0,0,0,Attack,Defense,The user attacks and steals the target's held item simultaneously.,The user attacks and steals the target’s held item simultaneously. The user can’t steal anything if it already holds an item.,"One other Pokémon on the field, selected by the trainer.",TODO
170,2,Spider Web,Bug,100,,,10,0,0,0,None,None,"The user ensnares the target with thin, gooey silk, immobilizing it.",The user ensnares the target with thin gooey silk so it can’t flee from battle.,"One other Pokémon on the field, selected by the trainer.",TODO
171,2,Mind Reader,Normal,-1,,,5,0,0,0,None,None,The user senses the target's movements with its mind to ensure its next attack does not miss the target.,The user senses the target’s movements with its mind to ensure its next attack does not miss the target.,"One other Pokémon on the field, selected by the trainer.",TODO
172,2,Nightmare,Ghost,100,100,,15,0,0,0,None,None,Sleeping targets see a nightmare that inflicts some damage every turn.,A sleeping target sees a nightmare that inflicts some damage every turn.,"One other Pokémon on the field, selected by the trainer.",TODO
173,2,Flame Wheel,Fire,100,100,60,25,0,0,0,Attack,Defense,The user cloaks itself in fire and charges at the target. This may also leave the target with a burn.,The user cloaks itself in fire and charges at the target. This may also leave the target with a burn.,"One other Pokémon on the field, selected by the trainer.",10
174,2,Snore,Normal,100,100,50,15,0,0,0,S. Attack,S. Defense,An attack that can be used only if the user is asleep. The harsh noise may also make the target flinch.,This attack can be used only if the user is asleep. The harsh noise may also make the target flinch.,"One other Pokémon on the field, selected by the trainer.",30
175,2,Curse,Ghost,-1,,,10,0,0,0,None,None,A move that works differently for the Ghost type than for all other types...,A move that works differently for the Ghost type than for all other types.,One specific move.  How this move is chosen depends upon on the move being used.,TODO
176,2,Flail,Normal,100,100,,15,0,0,0,Attack,Defense,"The user flails about aimlessly to attack. The less HP the user has, the greater the move's power.",The user flails about aimlessly to attack. The less HP the user has the greater the move’s power.,"One other Pokémon on the field, selected by the trainer.",TODO
177,2,Conversion 2,Normal,-1,,,30,0,0,0,None,None,"The user gives itself the Conversion 2 status, which changes its type to resist the opponent's moves.",The user changes its type to make itself resistant to the type of the attack the opponent used last.,"One other Pokémon on the field, selected by the trainer.",TODO
178,2,Aeroblast,Flying,90,95,100,5,0,0,0,S. Attack,S. Defense,A vortex of air is shot at the target to inflict damage. Critical hits land 1 stage more easily.,A vortex of air is shot at the target to inflict damage. Critical hits land more easily.,"One other Pokémon on the field, selected by the trainer.",TODO
179,2,Cotton Spore,Grass,85,100,,40,0,0,0,None,None,"The user releases cotton-like spores that cling to the opposing Pokémon, which lowers their Movement Speeds.",The user releases cotton-like spores that cling to the opposing Pokémon which harshly lowers their Speed stat.,All opposing Pokémon.,TODO
180,2,Reversal,Fighting,100,100,,15,0,0,0,Attack,Defense,An all-out attack that becomes more powerful the less HP the user has.,An all-out attack that becomes more powerful the less HP the user has.,"One other Pokémon on the field, selected by the trainer.",TODO
181,2,Spite,Ghost,100,100,,10,0,0,0,None,None,"The user unleashes its grudge on the move last used by the target, reducing its PP to 0.",The user unleashes its grudge on the move last used by the target by cutting 4 PP from it.,"One other Pokémon on the field, selected by the trainer.",TODO
182,2,Powder Snow,Ice,100,100,40,25,0,0,0,S. Attack,S. Defense,The user attacks with a chilling gust of powdery snow. This may also freeze the opposing Pokémon.,The user attacks with a chilling gust of powdery snow. This may also freeze the opposing Pokémon.,All opposing Pokémon.,10
183,2,Protect,Normal,-1,,,10,4,0,0,None,None,It enables the user to evade all attacks.,Enables the user to evade all attacks. Its chance of failing rises if it is used in succession.,The user.,TODO
184,2,Mach Punch,Fighting,100,100,40,30,1,0,0,Attack,Defense,The user throws a punch at blinding speed.,The user throws a punch at blinding speed. This move always goes first.,"One other Pokémon on the field, selected by the trainer.",TODO
185,2,Scary Face,Normal,70,100,,10,0,0,0,None,None,The user frightens the target with a scary face to harshly lower its Movement Speed.,The user frightens the target with a scary face to harshly lower its Speed stat.,"One other Pokémon on the field, selected by the trainer.",TODO
186,2,Feint Attack,Dark,-1,,60,20,0,0,0,Attack,Defense,"The user approaches the target disarmingly, then throws a sucker punch. This attack never misses.",The user approaches the target disarmingly then throws a sucker punch. This attack never misses.,"One other Pokémon on the field, selected by the trainer.",TODO
187,2,Sweet Kiss,Fairy,100,75,,10,0,0,0,None,None,"The user kisses the target with a sweet, angelic cuteness that causes confusion.",The user kisses the target with a sweet angelic cuteness that causes confusion.,"One other Pokémon on the field, selected by the trainer.",TODO
188,2,Belly Drum,Normal,-1,,,10,0,0,0,None,None,The user maximizes its Attack stat in exchange for half its max HP.,The user maximizes its Attack stat in exchange for HP equal to half its max HP.,The user.,TODO
189,2,Sludge Bomb,Poison,100,100,90,10,0,0,0,S. Attack,S. Defense,Unsanitary sludge is hurled at the target. This may also poison the target.,Unsanitary sludge is hurled at the target. This may also poison the target.,"One other Pokémon on the field, selected by the trainer.",30
190,2,Mud Slap,Ground,100,100,20,10,0,0,0,S. Attack,S. Defense,The user hurls mud in the target's face to inflict damage and lower its Accuracy.,The user hurls mud in the target’s face to inflict damage and lower its accuracy.,"One other Pokémon on the field, selected by the trainer.",100
191,2,Octazooka,Water,90,85,65,10,0,0,0,S. Attack,S. Defense,The user attacks by spraying ink at the target's face or eyes. This has a 50% chance to lower the target's Accuracy.,The user attacks by spraying ink in the target’s face or eyes. This may also lower the target’s accuracy.,"One other Pokémon on the field, selected by the trainer.",50
192,2,Spikes,Ground,-1,,,20,0,0,0,None,None,The user lays a down trap of spikes in front of itself. The trap hurts Pokémon that step on it.,The user lays a trap of spikes at the opposing team’s feet. The trap hurts Pokémon that switch into battle.,The opposing side of the field.  Affects opposing Pokémon.,TODO
193,2,Zap Cannon,Electric,50,50,120,5,0,0,0,S. Attack,S. Defense,The user fires an electric blast like a cannon to inflict damage and cause paralysis.,The user fires an electric blast like a cannon to inflict damage and cause paralysis.,"One other Pokémon on the field, selected by the trainer.",100
194,2,Foresight,Normal,-1,,,40,0,0,0,None,None,"The user identifies the target, removing its resistances and immunities. This also enables an evasive target to be hit.",Enables a Ghost-type target to be hit by Normal- and Fighting-type attacks. This also enables an evasive target to be hit.,"One other Pokémon on the field, selected by the trainer.",TODO
195,2,Destiny Bond,Ghost,-1,,,5,0,0,0,None,None,"If the user faints in the same turn, the Pokémon that landed the knockout hit also faints. Its chance of failing rises if it is used in succession.","If the user faints in the same turn, the Pokémon that landed the knockout hit also faints. Its chance of failing rises if it is used in succession.",The user.,TODO
196,2,Perish Song,Normal,-1,,,5,0,0,0,None,None,Any Pokémon that hears this song will faint when its countdown reaches 0.,Any Pokémon that hears this song faints in three turns unless it switches out of battle.,Every Pokémon on the field.,TODO
197,2,Icy Wind,Ice,90,95,55,15,0,0,0,S. Attack,S. Defense,The user attacks with a gust of chilled air. This also lowers the opposing Pokémon's Movement Speed.,The user attacks with a gust of chilled air. This also lowers the opposing Pokémon’s Speed stats.,All opposing Pokémon.,100
198,2,Detect,Fighting,-1,,,5,4,0,0,None,None,It enables the user to evade all attacks.,Enables the user to evade all attacks. Its chance of failing rises if it is used in succession.,The user.,TODO
199,2,Bone Rush,Ground,50,90,25,10,0,0,0,Attack,Defense,The user strikes the target with a hard bone two to five times in a row.,The user strikes the target with a hard bone two to five times in a row.,"One other Pokémon on the field, selected by the trainer.",TODO
200,2,Lock On,Normal,-1,,,5,0,0,0,None,None,"The user takes aim, and ensures the next attack does not miss the target.",The user takes sure aim at the target. This ensures the next attack does not miss the target.,"One other Pokémon on the field, selected by the trainer.",TODO
201,2,Outrage,Dragon,100,100,120,10,0,0,0,Attack,Defense,"The user rampages and attacks for three turns. It then becomes confused, however.",The user rampages and attacks for two to three turns. The user then becomes confused.,"One opposing Pokémon, selected at random.",TODO
202,2,Sandstorm,Rock,-1,,,10,0,0,0,None,None,"A sandstorm is summoned to hurt all combatants except the Rock, Ground, and Steel types.",A five-turn sandstorm is summoned to hurt all combatants except the Rock Ground and Steel types. It raises the Sp. Def stat of Rock types.,The entire field.  Affects all Pokémon.,TODO
203,2,Giga Drain,Grass,100,100,75,10,0,0,0,S. Attack,S. Defense,A nutrient-draining attack. The user's HP is restored by half the damage taken by the target.,A nutrient-draining attack. The user’s HP is restored by half the damage taken by the target.,"One other Pokémon on the field, selected by the trainer.",TODO
204,2,Endure,Normal,-1,,,10,4,0,0,None,None,The user endures any attack with at least 1 HP for 1 turn. Its chance of failing rises if it is used in succession.,The user endures any attack with at least 1 HP. Its chance of failing rises if it is used in succession.,The user.,TODO
205,2,Charm,Fairy,80,100,,20,0,0,0,None,None,"The user gazes at the target rather charmingly, making it less wary. This harshly lowers its Attack stat.",The user gazes at the target rather charmingly making it less wary. This harshly lowers its Attack stat.,"One other Pokémon on the field, selected by the trainer.",TODO
206,2,Rollout,Rock,90,90,30,20,0,0,0,Attack,Defense,The user rolls into the target from a distance. It becomes more powerful the farther the target is.,The user continually rolls into the target over five turns. It becomes more powerful each time it hits.,"One other Pokémon on the field, selected by the trainer.",TODO
207,2,False Swipe,Normal,100,100,40,40,0,0,0,Attack,Defense,A restrained attack that prevents the target from fainting. The target is left with at least 1 HP.,A restrained attack that prevents the target from fainting. The target is left with at least 1 HP.,"One other Pokémon on the field, selected by the trainer.",TODO
208,2,Swagger,Normal,90,85,,15,0,0,0,None,None,"The user enrages and confuses the target. However, this also sharply raises the target's Attack stat.",The user enrages and confuses the target. However this also sharply raises the target’s Attack stat.,"One other Pokémon on the field, selected by the trainer.",TODO
209,2,Milk Drink,Normal,-1,,,10,0,0,0,None,None,The user restores the party's HP by up to a half of its max HP,The user restores its own HP by up to half of its max HP.,The user.,TODO
210,2,Spark,Electric,100,100,65,20,0,0,0,Attack,Defense,The user throws an electrically charged tackle at the target. This may also leave the target with paralysis.,The user throws an electrically charged tackle at the target. This may also leave the target with paralysis.,"One other Pokémon on the field, selected by the trainer.",30
211,2,Fury Cutter,Bug,90,95,40,20,0,0,0,Attack,Defense,The target is slashed with scythes or claws. This attack becomes more powerful if it hits in succession.,The target is slashed with scythes or claws. This attack becomes more powerful if it hits in succession.,"One other Pokémon on the field, selected by the trainer.",TODO
212,2,Steel Wing,Steel,100,90,70,25,0,0,0,Attack,Defense,The target is hit with wings of steel. This may also raise the user's Defense stat.,The target is hit with wings of steel. This may also raise the user’s Defense stat.,"One other Pokémon on the field, selected by the trainer.",10
213,2,Mean Look,Normal,100,,,5,0,0,0,None,None,"The user pins the target with a dark, arresting look. The target becomes immobilized.",The user pins the target with a dark arresting look. The target becomes unable to flee.,"One other Pokémon on the field, selected by the trainer.",TODO
214,2,Attract,Normal,100,100,,15,0,0,0,None,None,"If it is the opposite gender of the user, the target becomes infatuated and cannot hurt the user.",If it is the opposite gender of the user the target becomes infatuated and less likely to attack.,"One other Pokémon on the field, selected by the trainer.",TODO
215,2,Sleep Talk,Normal,-1,,,10,0,0,0,None,None,"While it is asleep, the user performs a random move that it knows.",While it is asleep the user randomly uses one of the moves it knows.,The user.,TODO
216,2,Heal Bell,Normal,-1,,,5,0,0,0,None,None,The user makes a soothing bell chime to heal the status conditions of all Pokémon.,The user makes a soothing bell chime to heal the status conditions of all the party Pokémon.,The user and its allies.,TODO
217,2,Return,Normal,100,100,,20,0,0,0,Attack,Defense,A full-power attack that grows more powerful the more allies there are nearby.,This full-power attack grows more powerful the more the user likes its Trainer.,"One other Pokémon on the field, selected by the trainer.",TODO
218,2,Present,Normal,100,90,,15,0,0,0,Attack,Defense,The user attacks by giving the target a gift with a hidden trap. It restores HP if used on an ally.,The user attacks by giving the target a gift with a hidden trap. It restores HP sometimes however.,"One other Pokémon on the field, selected by the trainer.",TODO
219,2,Frustration,Normal,100,100,,20,0,0,0,Attack,Defense,"Uses Connection for damage calculation, but negatively.",This full-power attack grows more powerful the less the user likes its Trainer.,"One other Pokémon on the field, selected by the trainer.",TODO
220,2,Safeguard,Normal,-1,,,25,0,0,0,None,None,The user creates a protective field that prevents status conditions for ten turns.,The user creates a protective field that prevents status conditions for five turns.,The user's side of the field.  Affects the user and its ally (if any).,TODO
221,2,Pain Split,Normal,-1,,,20,0,0,0,None,None,"The user adds its HP to the target's HP, then equally shares the combined HP with the target.",The user adds its HP to the target’s HP then equally shares the combined HP with the target.,"One other Pokémon on the field, selected by the trainer.",TODO
222,2,Sacred Fire,Fire,100,95,100,5,0,0,0,Attack,Defense,The target is razed with a mystical fire of great intensity. This has a 50% chance to leave the target with a burn.,The target is razed with a mystical fire of great intensity. This may also leave the target with a burn.,"One other Pokémon on the field, selected by the trainer.",50
223,2,Magnitude,Ground,100,100,,30,0,0,0,Attack,Defense,The user attacks everything around it with a ground-shaking quake. It does less damage to targets far away.,The user attacks everything around it with a ground-shaking quake. Its power varies.,Every other Pokémon on the field.,TODO
224,2,Dynamic Punch,Fighting,50,50,100,5,0,0,0,Attack,Defense,"The user punches the target with full, concentrated power. This confuses the target if it hits.",The user punches the target with full concentrated power. This confuses the target if it hits.,"One other Pokémon on the field, selected by the trainer.",100
225,2,Megahorn,Bug,75,85,120,10,0,0,0,Attack,Defense,"Using its tough and impressive horn, the user rams into the target with no letup.",Using its tough and impressive horn the user rams into the target with no letup.,"One other Pokémon on the field, selected by the trainer.",TODO
226,2,Dragon Breath,Dragon,100,100,60,20,0,0,0,S. Attack,S. Defense,The user exhales a mighty gust that inflicts damage. This has a 30% chance to leave the target with paralysis.,The user exhales a mighty gust that inflicts damage. This may also leave the target with paralysis.,"One other Pokémon on the field, selected by the trainer.",30
227,2,Baton Pass,Normal,-1,,,40,0,0,0,None,None,The user passes along its stat changes and minor status conditions to the target. It also switches positions with that target.,The user switches places with a party Pokémon in waiting and passes along any stat changes.,The user.,TODO
228,2,Encore,Normal,100,100,,5,0,0,0,None,None,The user compels the target to keep using only the move it last used for five turns.,The user compels the target to keep using the move it encored for three turns.,"One other Pokémon on the field, selected by the trainer.",TODO
229,2,Pursuit,Dark,-1,100,40,20,0,0,0,Attack,Defense,"The user chases down the target, preventing it from getting away.",The power of this attack move is doubled if it’s used on a target that’s switching out of battle.,"One other Pokémon on the field, selected by the trainer.",TODO
230,2,Rapid Spin,Normal,100,100,50,40,0,0,0,Attack,Defense,A spin attack that can eliminate moves such as Wrap or Leech Seed. It also destroys traps.,A spin attack that can also eliminate such moves as Bind Wrap Leech Seed and Spikes.,"One other Pokémon on the field, selected by the trainer.",100
231,2,Sweet Scent,Normal,-1,100,,20,0,0,0,None,None,A sweet scent that lowers the evasiveness of opposing Pokémon.,A sweet scent that harshly lowers opposing Pokémon’s evasiveness.,All opposing Pokémon.,TODO
232,2,Iron Tail,Steel,75,75,100,15,0,0,0,Attack,Defense,The target is slammed with a steel-hard tail. This has a 30% chance to lower the target's Defense stat. It can break walls.,The target is slammed with a steel-hard tail. This may also lower the target’s Defense stat.,"One other Pokémon on the field, selected by the trainer.",30
233,2,Metal Claw,Steel,100,95,50,35,0,0,0,Attack,Defense,The target is raked with steel claws. This may also raise the user's Attack stat. It can break walls.,The target is raked with steel claws. This may also raise the user’s Attack stat.,"One other Pokémon on the field, selected by the trainer.",10
234,2,Vital Throw,Fighting,-1,,70,10,-1,0,0,Attack,Defense,The user attacks with a throw move that never misses.,The user attacks last. In return this throw move never misses.,"One other Pokémon on the field, selected by the trainer.",TODO
235,2,Morning Sun,Normal,-1,,,5,0,0,0,None,None,The user restores the party's HP. The amount of HP regained varies with the weather.,The user restores its own HP. The amount of HP regained varies with the weather.,The user.,TODO
236,2,Synthesis,Grass,-1,,,5,0,0,0,None,None,The user restores its own HP. The amount of HP regained varies with the weather.,The user restores its own HP. The amount of HP regained varies with the weather.,The user.,TODO
237,2,Moonlight,Fairy,-1,,,5,0,0,0,None,None,The user restores the party's HP. The amount of HP regained varies with the weather.,The user restores its own HP. The amount of HP regained varies with the weather.,The user.,TODO
238,2,Hidden Power,Normal,100,100,60,15,0,0,0,S. Attack,S. Defense,A unique attack that varies in type each time it is used.,A unique attack that varies in type depending on the Pokémon using it.,"One other Pokémon on the field, selected by the trainer.",TODO
239,2,Cross Chop,Fighting,80,80,100,5,0,0,0,Attack,Defense,The user delivers a double chop with its forearms crossed. Critical hits land more easily.,The user delivers a double chop with its forearms crossed. Critical hits land more easily.,"One other Pokémon on the field, selected by the trainer.",TODO
240,2,Twister,Dragon,100,100,40,20,0,0,0,S. Attack,S. Defense,The user whips up a vicious tornado to tear at the opposing Pokémon. This may also make them flinch.,The user whips up a vicious tornado to tear at the opposing Pokémon. This may also make them flinch.,All opposing Pokémon.,20
241,2,Rain Dance,Water,-1,,,5,0,0,0,None,None,"The user summons a heavy rain on the floor, powering up Water-type moves.",The user summons a heavy rain that falls for five turns powering up Water-type moves. It lowers the power of Fire-type moves.,The entire field.  Affects all Pokémon.,TODO
242,2,Sunny Day,Fire,-1,,,5,0,0,0,None,None,"The user intensifies the sunlight for the entire floor, powering up Fire-type moves.",The user intensifies the sun for five turns powering up Fire-type moves. It lowers the power of Water-type moves.,The entire field.  Affects all Pokémon.,TODO
243,2,Crunch,Dark,100,100,80,15,0,0,0,Attack,Defense,The user crunches up the target with sharp fangs. This has a 20% chance to lower the target's Defense stat.,The user crunches up the target with sharp fangs. This may also lower the target’s Defense stat.,"One other Pokémon on the field, selected by the trainer.",20
244,2,Mirror Coat,Psychic,-1,100,,20,-5,0,0,S. Attack,S. Defense,"A retaliation move that counters any special attack, inflicting double the damage taken.",A retaliation move that counters any special attack inflicting double the damage taken.,One specific move.  How this move is chosen depends upon on the move being used.,TODO
245,2,Psych Up,Normal,-1,,,10,0,0,0,None,None,The user hypnotizes itself into copying any stat change made by the target.,The user hypnotizes itself into copying any stat change made by the target.,"One other Pokémon on the field, selected by the trainer.",TODO
246,2,Extreme Speed,Normal,100,100,80,5,2,0,0,Attack,Defense,The user charges the target at blinding speed.,The user charges the target at blinding speed. This move always goes first.,"One other Pokémon on the field, selected by the trainer.",TODO
247,2,Ancient Power,Rock,100,100,60,5,0,0,0,S. Attack,S. Defense,The user attacks with a prehistoric power. It may also raise all the user's stats at once.,The user attacks with a prehistoric power. This may also raise all the user’s stats at once.,"One other Pokémon on the field, selected by the trainer.",10
248,2,Shadow Ball,Ghost,100,100,80,15,0,0,0,S. Attack,S. Defense,The user hurls a shadowy blob at the target. This has a 20% chance to lower the target's Sp. Def stat.,The user hurls a shadowy blob at the target. This may also lower the target’s Sp. Def stat.,"One other Pokémon on the field, selected by the trainer.",20
249,2,Future Sight,Psychic,80,100,120,10,0,0,0,S. Attack,S. Defense,"Two turns after this move is used, a hunk of psychic energy attacks the target's area. They're not charge turns since the user can still move.",Two turns after this move is used a hunk of psychic energy attacks the target.,"One other Pokémon on the field, selected by the trainer.",TODO
250,2,Rock Smash,Fighting,100,100,40,15,0,0,0,Attack,Defense,The user attacks with a punch. This may also lower the target's Defense stat. This move will shatter walls.,The user attacks with a punch. This may also lower the target’s Defense stat.,"One other Pokémon on the field, selected by the trainer.",50
251,2,Whirlpool,Water,100,85,35,15,0,0,0,S. Attack,S. Defense,The user traps the target in a violent swirling whirlpool for three turns.,The user traps the target in a violent swirling whirlpool for four to five turns.,"One other Pokémon on the field, selected by the trainer.",100
252,2,Beat Up,Dark,-1,100,25,10,0,0,0,Attack,Defense,The user hits the target as many times as there are nearby teammates.,The user gets all party Pokémon to attack the target. The more party Pokémon the greater the number of attacks.,"One other Pokémon on the field, selected by the trainer.",TODO
253,3,Fake Out,Normal,100,100,40,10,3,0,0,Attack,Defense,An attack that hits from a distance and makes the target flinch. It fails on targets directly in front.,This attack hits first and makes the target flinch. It only works the first turn the user is in battle.,"One other Pokémon on the field, selected by the trainer.",100
254,3,Uproar,Normal,100,100,90,10,0,0,0,S. Attack,S. Defense,"The user attacks in an uproar, preventing everyone from falling asleep.",The user attacks in an uproar for three turns. During that time no Pokémon can fall asleep.,"One opposing Pokémon, selected at random.",TODO
255,3,Stockpile,Normal,-1,,,20,0,0,0,None,None,The user charges up power and raises both its Defense and Sp. Def. stats. The move can be used three times.,The user charges up power and raises both its Defense and Sp. Def stats. The move can be used three times.,The user.,TODO
256,3,Spit Up,Normal,100,100,,10,0,0,0,S. Attack,S. Defense,"The power stored using the move Stockpile is released at once in an attack. The more power is stored, the more powerful the attack.",The power stored using the move Stockpile is released at once in an attack. The more power is stored the greater the move’s power.,"One other Pokémon on the field, selected by the trainer.",TODO
257,3,Swallow,Normal,-1,,,10,0,0,0,None,None,The power stored using the move Stockpile is absorbed by the user to heal itself. Storing more power increases its effectiveness.,The power stored using the move Stockpile is absorbed by the user to heal its HP. Storing more power heals more HP.,The user.,TODO
258,3,Heat Wave,Fire,90,90,95,10,0,0,0,S. Attack,S. Defense,The user attacks by exhaling hot breath on the opposing Pokémon. It has a 10% chance to inflict a burn.,The user attacks by exhaling hot breath on the opposing Pokémon. This may also leave those Pokémon with a burn.,All opposing Pokémon.,10
259,3,Hail,Ice,-1,,,10,0,0,0,None,None,The user summons a hailstorm on the floor. It damages all Pokémon except the Ice type.,The user summons a hailstorm lasting five turns. It damages all Pokémon except the Ice type.,The entire field.  Affects all Pokémon.,TODO
260,3,Torment,Dark,100,100,,15,0,0,0,None,None,"The user torments and enrages the target, making it incapable of using the same move twice in a row.",The user torments and enrages the target making it incapable of using the same move twice in a row.,"One other Pokémon on the field, selected by the trainer.",TODO
261,3,Flatter,Dark,90,100,,15,0,0,0,None,None,"Flattery is used to confuse the target. However, this also raises the target's Sp. Atk stat.",Flattery is used to confuse the target. However this also raises the target’s Sp. Atk stat.,"One other Pokémon on the field, selected by the trainer.",TODO
262,3,Will O Wisp,Fire,75,85,,15,0,0,0,None,None,"The user shoots a sinister, bluish-white flame at the target to inflict a burn.",The user shoots a sinister bluish-white flame at the target to inflict a burn.,"One other Pokémon on the field, selected by the trainer.",TODO
263,3,Memento,Dark,100,100,,10,0,0,0,None,None,"This move harshly lowers the target's Attack and Sp. Atk stats. The user then drops to 1 HP, and warps away.",The user faints when using this move. In return this harshly lowers the target’s Attack and Sp. Atk stats.,"One other Pokémon on the field, selected by the trainer.",TODO
264,3,Façade,Normal,100,100,70,20,0,0,0,Attack,Defense,An attack move that doubles in power if the user is suffering a major status condition.,This attack move doubles its power if the user is poisoned burned or paralyzed.,"One other Pokémon on the field, selected by the trainer.",TODO
265,3,Focus Punch,Fighting,100,100,150,20,1,1,0,Attack,Defense,The user focuses its mind for one turn before launching a devastating punch.,The user focuses its mind before launching a punch. This move fails if the user is hit before it is used.,"One other Pokémon on the field, selected by the trainer.",TODO
266,3,Smelling Salts,Normal,100,100,70,10,0,0,0,Attack,Defense,"This attack inflicts double damage on a target with paralysis, and cures its condition. Allies targeted by this move will not take damage.",This attack’s power is doubled when used on a target with paralysis. This also cures the target’s paralysis however.,"One other Pokémon on the field, selected by the trainer.",TODO
267,3,Follow Me,Normal,-1,,,20,2,0,0,None,None,"The user draws attention to itself, redirecting all enemy attacks to the user.",The user draws attention to itself making all targets take aim only at the user.,The user.,TODO
268,3,Nature Power,Normal,-1,,,20,0,0,0,None,None,An attack that makes use of nature’s power. Its effects vary depending on the user’s environment.,This attack makes use of nature’s power. Its effects vary depending on the user’s environment.,"One other Pokémon on the field, selected by the trainer.",TODO
269,3,Charge,Electric,-1,,,20,0,0,0,None,None,The user boosts the power of the Electric move it uses on the next turn.,The user boosts the power of the Electric move it uses on the next turn. This also raises the user’s Sp. Def stat.,The user.,TODO
270,3,Taunt,Dark,100,100,,20,0,0,0,None,None,The target is taunted into a rage that allows it to use only attack moves.,The target is taunted into a rage that allows it to use only attack moves for three turns.,"One other Pokémon on the field, selected by the trainer.",TODO
271,3,Helping Hand,Normal,-1,,,20,5,0,0,None,None,"The user assists its allies, boosting their Attack and Sp. Atk.",The user assists an ally by boosting the power of that ally’s attack.,The user's ally (if any).,TODO
272,3,Trick,Psychic,-1,100,,10,0,0,0,None,None,The user catches the target off guard and swaps places with it.,The user catches the target off guard and swaps its held item with its own.,"One other Pokémon on the field, selected by the trainer.",TODO
273,3,Role Play,Psychic,-1,,,10,0,0,0,None,None,"The user mimics the target completely, copying the target's natural Ability.",The user mimics the target completely copying the target’s natural Ability.,"One other Pokémon on the field, selected by the trainer.",TODO
274,3,Wish,Normal,-1,,,10,0,0,0,None,None,"Three turns after this move is used, the target's HP is restored by half the user's max HP.",One turn after this move is used the user’s or its replacement’s HP is restored by half the user’s max HP.,The user.,TODO
275,3,Assist,Normal,-1,,,20,0,0,0,None,None,The user borrows a random move from a random Pokemon in the entire floor.,The user hurriedly and randomly uses a move among those known by ally Pokémon.,The user.,TODO
276,3,Ingrain,Grass,-1,,,20,0,0,0,None,None,"The user lays roots that restore its HP on every turn. Because it is rooted, it can't move around or be forced off its position.",The user lays roots that restore its HP on every turn. Because it’s rooted it can’t switch out.,The user.,TODO
277,3,Superpower,Fighting,100,100,120,5,0,0,0,Attack,Defense,"The user attacks the target with great power. However, this also lowers the user's Attack and Defense stats.",The user attacks the target with great power. However this also lowers the user’s Attack and Defense stats.,"One other Pokémon on the field, selected by the trainer.",100
278,3,Magic Coat,Psychic,-1,,,15,4,0,0,None,None,The user puts up a barrier that reflects status moves back to the user.,A barrier reflects back to the target moves like Leech Seed and moves that damage status.,The user.,TODO
279,3,Recycle,Normal,-1,,,10,0,0,0,None,None,The user recycles Plain Seeds and Grimy Food held by the team.,The user recycles a held item that has been used in battle so it can be used again.,The user.,TODO
280,3,Revenge,Fighting,100,100,60,10,-4,0,0,Attack,Defense,An attack move that inflicts double the damage if the user was last hit by the target.,This attack move’s power is doubled if the user has been hurt by the opponent in the same turn.,"One other Pokémon on the field, selected by the trainer.",TODO
281,3,Brick Break,Fighting,100,100,75,15,0,0,0,Attack,Defense,"The user attacks with a swift chop. It can also break walls, as well as barriers, such as Light Screen and Reflect.",The user attacks with a swift chop. It can also break barriers such as Light Screen and Reflect.,"One other Pokémon on the field, selected by the trainer.",TODO
282,3,Yawn,Normal,-1,,,10,0,0,0,None,None,The user lets loose a huge yawn that lulls the target into falling asleep in a few turns.,The user lets loose a huge yawn that lulls the target into falling asleep on the next turn.,"One other Pokémon on the field, selected by the trainer.",TODO
283,3,Knock Off,Dark,100,100,65,20,0,0,0,Attack,Defense,"If the foe is holding an item, the user slaps off the target's held item, making it fly off from the target, and deals 50% extra damage.",The user slaps down the target’s held item and that item can’t be used in that battle. The move does more damage if the target has a held item.,"One other Pokémon on the field, selected by the trainer.",TODO
284,3,Endeavor,Normal,100,100,,5,0,0,0,Attack,Defense,An attack move that cuts down the target's HP to equal the user's HP.,This attack move cuts down the target’s HP to equal the user’s HP.,"One other Pokémon on the field, selected by the trainer.",TODO
285,3,Eruption,Fire,100,100,150,5,0,0,0,S. Attack,S. Defense,"The user attacks opposing Pokémon with explosive fury. The lower the user's HP, the lower the move's power.",The user attacks opposing Pokémon with explosive fury. The lower the user’s HP the lower the move’s power.,All opposing Pokémon.,TODO
286,3,Skill Swap,Psychic,-1,,,10,0,0,0,None,None,The user employs its psychic power to exchange Abilities with the target.,The user employs its psychic power to exchange Abilities with the target.,"One other Pokémon on the field, selected by the trainer.",TODO
287,3,Imprison,Psychic,100,,,10,0,0,0,None,None,This move prevents the target from using the move it last used.,If opposing Pokémon know any move also known by the user they are prevented from using it.,The user.,TODO
288,3,Refresh,Normal,-1,,,20,0,0,0,None,None,The user cures the party of major status conditions.,The user rests to cure itself of poisoning a burn or paralysis.,The user.,TODO
289,3,Grudge,Ghost,-1,,,5,0,0,0,None,None,"If the user is fainted, the user's grudge depletes the PP of every move the opponent knows.",If the user faints the user’s grudge fully depletes the PP of the opponent’s move that knocked it out.,The user.,TODO
290,3,Snatch,Dark,-1,,,10,4,0,0,None,None,The user steals the effects of any attempts to use a healing or stat-changing move.,The user steals the effects of any attempts to use a healing or stat-changing move.,The user.,TODO
291,3,Secret Power,Normal,100,100,70,20,0,0,0,Attack,Defense,An attack whose additional effects depend on the condition of the floor.,The additional effects of this attack depend upon where it was used.,"One other Pokémon on the field, selected by the trainer.",30
292,3,Dive,Water,100,100,80,10,0,0,0,Attack,Defense,"Diving at first, the user floats up and attacks any time in the next five turns.",Diving on the first turn the user floats up and attacks on the next turn.,"One other Pokémon on the field, selected by the trainer.",TODO
293,3,Arm Thrust,Fighting,50,100,15,20,0,0,0,Attack,Defense,The user lets loose a flurry of open-palmed arm thrusts that hit two to five times in a row.,The user lets loose a flurry of open-palmed arm thrusts that hit two to five times in a row.,"One other Pokémon on the field, selected by the trainer.",TODO
294,3,Camouflage,Normal,-1,,,20,0,0,0,None,None,The user's type is changed depending on its environment.,The user’s type is changed depending on its environment such as at water’s edge in grass or in a cave.,The user.,TODO
295,3,Tail Glow,Bug,-1,,,20,0,0,0,None,None,"The user stares at flashing lights to focus its mind, drastically raising its Sp. Atk stat.",The user stares at flashing lights to focus its mind drastically raising its Sp. Atk stat.,The user.,TODO
296,3,Luster Purge,Psychic,100,100,70,5,0,0,0,S. Attack,S. Defense,The user lets loose a damaging burst of light. This has a 50% chance to lower the target's Sp. Def stat.,The user lets loose a damaging burst of light. This may also lower the target’s Sp. Def stat.,"One other Pokémon on the field, selected by the trainer.",50
297,3,Mist Ball,Psychic,100,100,70,5,0,0,0,S. Attack,S. Defense,A mist-like flurry of down envelops and damages the target. This has a 50% chance to lower the target's Sp. Atk stat.,A mist-like flurry of down envelops and damages the target. This may also lower the target’s Sp. Atk stat.,"One other Pokémon on the field, selected by the trainer.",50
298,3,Feather Dance,Flying,85,100,,15,0,0,0,None,None,The user covers the target's body with a mass of down that harshly lowers its Attack stat.,The user covers the target’s body with a mass of down that harshly lowers its Attack stat.,"One other Pokémon on the field, selected by the trainer.",TODO
299,3,Teeter Dance,Normal,100,100,,20,0,0,0,None,None,The user performs a wobbly dance that confuses the Pokémon around it.,The user performs a wobbly dance that confuses the Pokémon around it.,Every other Pokémon on the field.,TODO
300,3,Blaze Kick,Fire,100,90,85,10,0,0,0,Attack,Defense,The user launches a kick that lands a critical hit 1 stage more easily. This has a 10% chance to leave the target with a burn.,The user launches a kick that lands a critical hit more easily. This may also leave the target with a burn.,"One other Pokémon on the field, selected by the trainer.",10
301,3,Mud Sport,Ground,100,,,15,0,0,0,None,None,The user covers everyone with mud. This adds the Ground-type to their typing.,The user kicks up mud on the battlefield. This weakens Electric-type moves for five turns.,The entire field.  Affects all Pokémon.,TODO
302,3,Ice Ball,Ice,90,90,30,20,0,0,0,Attack,Defense,The user rolls into the target from a distance. It becomes more powerful the farther the target is.,The user attacks the target for five turns. The move’s power increases each time it hits.,"One other Pokémon on the field, selected by the trainer.",TODO
303,3,Needle Arm,Grass,100,100,60,15,0,0,0,Attack,Defense,The user attacks by wildly swinging its thorny arms. This may also make the target flinch.,The user attacks by wildly swinging its thorny arms. This may also make the target flinch.,"One other Pokémon on the field, selected by the trainer.",30
304,3,Slack Off,Normal,-1,,,10,0,0,0,None,None,"The user slacks off, restoring its own HP by up to half of its max HP.",The user slacks off restoring its own HP by up to half of its max HP.,The user.,TODO
305,3,Hyper Voice,Normal,100,100,90,10,0,0,0,S. Attack,S. Defense,The user lets loose a horribly echoing shout with the power to inflict damage.,The user lets loose a horribly echoing shout with the power to inflict damage.,All opposing Pokémon.,TODO
306,3,Poison Fang,Poison,100,100,50,15,0,0,0,Attack,Defense,The user bites the target with toxic fangs. This has a 50% chance to leave the target badly poisoned.,The user bites the target with toxic fangs. This may also leave the target badly poisoned.,"One other Pokémon on the field, selected by the trainer.",50
307,3,Crush Claw,Normal,100,95,75,10,0,0,0,Attack,Defense,The user slashes the target with hard and sharp claws. This will also lower the target's Defense.,The user slashes the target with hard and sharp claws. This may also lower the target’s Defense stat.,"One other Pokémon on the field, selected by the trainer.",50
308,3,Blast Burn,Fire,90,90,150,5,0,0,1,S. Attack,S. Defense,The target is razed by a fiery explosion. The user can't move on the next turn.,The target is razed by a fiery explosion. The user can’t move on the next turn.,"One other Pokémon on the field, selected by the trainer.",TODO
309,3,Hydro Cannon,Water,90,90,150,5,0,0,1,S. Attack,S. Defense,The target is hit by a watery blast. The user can't move on the next turn.,The target is hit with a watery blast. The user can’t move on the next turn.,"One other Pokémon on the field, selected by the trainer.",TODO
310,3,Meteor Mash,Steel,80,90,90,10,0,0,0,Attack,Defense,The target is hit with a hard punch fired like a meteor. This has a 20% chance to raise the user's Attack stat.,The target is hit with a hard punch fired like a meteor. This may also raise the user’s Attack stat.,"One other Pokémon on the field, selected by the trainer.",20
311,3,Astonish,Ghost,100,100,30,15,0,0,0,Attack,Defense,The user attacks the target while shouting in a startling fashion. This may also make the target flinch.,The user attacks the target while shouting in a startling fashion. This may also make the target flinch.,"One other Pokémon on the field, selected by the trainer.",30
312,3,Weather Ball,Normal,100,100,50,10,0,0,0,S. Attack,S. Defense,A move that varies in type depending on the weather.,This attack move varies in power and type depending on the weather.,"One other Pokémon on the field, selected by the trainer.",TODO
313,3,Aromatherapy,Grass,-1,,,5,0,0,0,None,None,The user releases a soothing scent that heals all of the target's bad status conditions.,The user releases a soothing scent that heals all status conditions affecting the user’s party.,The user and its allies.,TODO
314,3,Fake Tears,Dark,80,100,,20,0,0,0,None,None,"The user feigns crying to fluster the target, harshly lowering its Sp. Def stat.",The user feigns crying to fluster the target harshly lowering its Sp. Def stat.,"One other Pokémon on the field, selected by the trainer.",TODO
315,3,Air Cutter,Flying,90,95,60,25,0,0,0,S. Attack,S. Defense,The user launches razor-like wind to slash the opposing Pokémon. Critical hits land more easily.,The user launches razor-like wind to slash the opposing Pokémon. Critical hits land more easily.,All opposing Pokémon.,TODO
316,3,Overheat,Fire,100,90,130,5,0,0,0,S. Attack,S. Defense,The user attacks the target at full power. The attack's recoil harshly lowers the user's Sp. Atk stat.,The user attacks the target at full power. The attack’s recoil harshly lowers the user’s Sp. Atk stat.,"One other Pokémon on the field, selected by the trainer.",100
317,3,Odor Sleuth,Normal,-1,,,40,0,0,0,None,None,"The user identifies the target, removing its resistances and immunities. This also enables an evasive target to be hit.",Enables a Ghost-type target to be hit by Normal- and Fighting-type attacks. This also enables an evasive target to be hit.,"One other Pokémon on the field, selected by the trainer.",TODO
318,3,Rock Tomb,Rock,100,95,60,15,0,0,0,Attack,Defense,Boulders are hurled at the target. This also lowers the target's Speed stat.,Boulders are hurled at the target. This also lowers the target’s Speed stat by preventing its movement.,"One other Pokémon on the field, selected by the trainer.",100
319,3,Silver Wind,Bug,100,100,60,5,0,0,0,S. Attack,S. Defense,The target is attacked with powdery scales blown by wind. This may also raise all the user's stats.,The target is attacked with powdery scales blown by the wind. This may also raise all the user’s stats.,"One other Pokémon on the field, selected by the trainer.",10
320,3,Metal Sound,Steel,75,85,,40,0,0,0,None,None,A horrible sound like scraping metal harshly lowers the target's Sp. Def stat.,A horrible sound like scraping metal harshly lowers the target’s Sp. Def stat.,"One other Pokémon on the field, selected by the trainer.",TODO
321,3,Grass Whistle,Grass,65,55,,15,0,0,0,None,None,The user plays a pleasant melody that lulls the target into a deep sleep.,The user plays a pleasant melody that lulls the target into a deep sleep.,"One other Pokémon on the field, selected by the trainer.",TODO
322,3,Tickle,Normal,100,100,,20,0,0,0,None,None,"The user tickles the target into laughing, reducing its Attack and Defense stats.",The user tickles the target into laughing reducing its Attack and Defense stats.,"One other Pokémon on the field, selected by the trainer.",TODO
323,3,Cosmic Power,Psychic,-1,,,20,0,0,0,None,None,The user absorbs a mystical power from space to raise the party's Defense and Sp. Def stats.,The user absorbs a mystical power from space to raise its Defense and Sp. Def stats.,The user.,TODO
324,3,Water Spout,Water,100,100,150,5,0,0,0,S. Attack,S. Defense,"The user spouts water to damage opposing Pokémon. The lower the user's HP, the lower the move's power.",The user spouts water to damage opposing Pokémon. The lower the user’s HP the lower the move’s power.,All opposing Pokémon.,TODO
325,3,Signal Beam,Bug,100,100,75,15,0,0,0,S. Attack,S. Defense,The user attacks with a sinister beam of light. This may also confuse the target.,The user attacks with a sinister beam of light. This may also confuse the target.,"One other Pokémon on the field, selected by the trainer.",10
326,3,Shadow Punch,Ghost,-1,,60,20,0,0,0,Attack,Defense,The user throws a punch from the shadows. This attack never misses.,The user throws a punch from the shadows. This attack never misses.,"One other Pokémon on the field, selected by the trainer.",TODO
327,3,Extrasensory,Psychic,100,100,80,20,0,0,0,S. Attack,S. Defense,"The user attacks with an odd, unseeable power. This has a 30% chance to make the target flinch.",The user attacks with an odd unseeable power. This may also make the target flinch.,"One other Pokémon on the field, selected by the trainer.",10
328,3,Sky Uppercut,Fighting,80,90,85,15,0,0,0,Attack,Defense,The user attacks the target with an uppercut thrown skyward with force.,The user attacks the target with an uppercut thrown skyward with force.,"One other Pokémon on the field, selected by the trainer.",TODO
329,3,Sand Tomb,Ground,85,85,35,15,0,0,0,Attack,Defense,The user traps the target inside a harshly raging sandstorm for three turns.,The user traps the target inside a harshly raging sandstorm for four to five turns.,"One other Pokémon on the field, selected by the trainer.",100
330,3,Sheer Cold,Ice,50,30,,5,0,0,0,S. Attack,S. Defense,The user attacks with a blast of absolute-zero cold. The target faints instantly if it hits.,The target faints instantly. It’s less likely to hit the target if it’s used by Pokémon other than Ice types.,"One other Pokémon on the field, selected by the trainer.",TODO
331,3,Muddy Water,Water,80,85,90,10,0,0,0,S. Attack,S. Defense,The user attacks by shooting muddy water at the opposing Pokémon. This has a 30% chance to lower their Accuracy.,The user attacks by shooting muddy water at the opposing Pokémon. This may also lower their accuracy.,All opposing Pokémon.,30
332,3,Bullet Seed,Grass,65,100,25,30,0,0,0,Attack,Defense,The user forcefully shoots seeds at the target two to five times in a row.,The user forcefully shoots seeds at the target two to five times in a row.,"One other Pokémon on the field, selected by the trainer.",TODO
333,3,Aerial Ace,Flying,-1,,60,20,0,0,0,Attack,Defense,"The user confounds the target with speed, then slashes. This attack never misses.",The user confounds the target with speed then slashes. This attack never misses.,"One other Pokémon on the field, selected by the trainer.",TODO
334,3,Icicle Spear,Ice,70,100,25,30,0,0,0,Attack,Defense,The user launches sharp icicles at the target five times in a row.,The user launches sharp icicles at the target two to five times in a row.,"One other Pokémon on the field, selected by the trainer.",TODO
335,3,Iron Defense,Steel,-1,,,15,0,0,0,None,None,"The user hardens its body's surface like iron, sharply raising its Defense stat.",The user hardens its body’s surface like iron sharply raising its Defense stat.,The user.,TODO
336,3,Block,Normal,100,,,5,0,0,0,None,None,The user continually blocks the target's way with arms spread wide to prevent escape.,The user blocks the target’s way with arms spread wide to prevent escape.,"One other Pokémon on the field, selected by the trainer.",TODO
337,3,Howl,Normal,-1,,,40,0,0,0,None,None,"The user howls loudly to raise the party's spirit, which raises the Attack stat.",The user howls loudly to raise its spirit which raises its Attack stat.,The user and its allies.,TODO
338,3,Dragon Claw,Dragon,100,100,80,15,0,0,0,Attack,Defense,"The user slashes the target with huge, sharp claws.",The user slashes the target with huge sharp claws.,"One other Pokémon on the field, selected by the trainer.",TODO
339,3,Frenzy Plant,Grass,90,90,150,5,0,0,1,S. Attack,S. Defense,The user slams the target with an enormous tree. The user can't move on the next turn.,The user slams the target with an enormous tree. The user can’t move on the next turn.,"One other Pokémon on the field, selected by the trainer.",TODO
340,3,Bulk Up,Fighting,-1,,,20,0,0,0,None,None,"The user tenses its muscles to bulk up its body, raising both its Attack and Defense stats.",The user tenses its muscles to bulk up its body raising both its Attack and Defense stats.,The user.,TODO
341,3,Bounce,Flying,100,85,85,5,0,0,0,Attack,Defense,"The user bounces up high, then drops on the target on the second turn. This has a 30% chance to leave the target with paralysis.",The user bounces up high then drops on the target on the second turn. This may also leave the target with paralysis.,"One other Pokémon on the field, selected by the trainer.",30
342,3,Mud Shot,Ground,100,95,55,15,0,0,0,S. Attack,S. Defense,The user attacks by hurling a blob of mud at the target. This also lowers the target's Movement Speed.,The user attacks by hurling a blob of mud at the target. This also lowers the target’s Speed stat.,"One other Pokémon on the field, selected by the trainer.",100
343,3,Poison Tail,Poison,100,100,50,25,0,0,0,Attack,Defense,The user hits the target with its tail. This may also poison the target. Critical hits land more easily.,The user hits the target with its tail. This may also poison the target. Critical hits land more easily.,"One other Pokémon on the field, selected by the trainer.",10
344,3,Covet,Normal,80,100,60,25,0,0,0,Attack,Defense,The user cutely begs to obtain an item from the foe.,The user endearingly approaches the target then steals the target’s held item.,"One other Pokémon on the field, selected by the trainer.",TODO
345,3,Volt Tackle,Electric,100,100,120,15,0,0,0,Attack,Defense,"The user electrifies itself, then charges. This also damages the user quite a lot. This may leave the target with paralysis.",The user electrifies itself and charges the target. This also damages the user quite a lot. This attack may leave the target with paralysis.,"One other Pokémon on the field, selected by the trainer.",10
346,3,Magical Leaf,Grass,-1,,60,20,0,0,0,S. Attack,S. Defense,The user scatters curious leaves that chase the target. This attack never misses.,The user scatters curious leaves that chase the target. This attack never misses.,"One other Pokémon on the field, selected by the trainer.",TODO
347,3,Water Sport,Water,100,,,15,0,0,0,None,None,The user soaks everyone with water. This adds the Water-type to their typing.,The user soaks the battlefield with water. This weakens Fire-type moves for five turns.,The entire field.  Affects all Pokémon.,TODO
348,3,Calm Mind,Psychic,-1,,,20,0,0,0,None,None,The user quietly focuses its mind and calms its spirit to raise its Sp. Atk and Sp. Def stats.,The user quietly focuses its mind and calms its spirit to raise its Sp. Atk and Sp. Def stats.,The user.,TODO
349,3,Leaf Blade,Grass,100,100,90,15,0,0,0,Attack,Defense,The user handles a sharp leaf like a sword and attacks by cutting its target. Critical hits land more easily.,The user handles a sharp leaf like a sword and attacks by cutting its target. Critical hits land more easily.,"One other Pokémon on the field, selected by the trainer.",TODO
350,3,Dragon Dance,Dragon,-1,,,20,0,0,0,None,None,"The user vigorously performs a mystic, powerful dance that boosts its Attack and Movement Speed.",The user vigorously performs a mystic powerful dance that raises its Attack and Speed stats.,The user.,TODO
351,3,Rock Blast,Rock,50,90,25,10,0,0,0,Attack,Defense,The user hurls hard rocks at the target. Five rocks are launched in a row.,The user hurls hard rocks at the target. Two to five rocks are launched in a row.,"One other Pokémon on the field, selected by the trainer.",TODO
352,3,Shock Wave,Electric,-1,,60,20,0,0,0,S. Attack,S. Defense,The user strikes the target with a quick jolt of electricity. This attack never misses.,The user strikes the target with a quick jolt of electricity. This attack never misses.,"One other Pokémon on the field, selected by the trainer.",TODO
353,3,Water Pulse,Water,100,100,60,20,0,0,0,S. Attack,S. Defense,The user attacks the target with a pulsing blast of water. This may also confuse the target.,The user attacks the target with a pulsing blast of water. This may also confuse the target.,"One other Pokémon on the field, selected by the trainer.",20
354,3,Doom Desire,Steel,100,100,140,5,0,2,0,S. Attack,S. Defense,Two turns after this move is used a concentrated bundle of light blasts the target. ,Two turns after this move is used a concentrated bundle of light blasts the target. ,"One other Pokémon on the field, selected by the trainer.",TODO
355,3,Psycho Boost,Psychic,100,90,140,5,0,0,0,S. Attack,S. Defense,The user attacks the target at full power. The attack's recoil harshly lowers the user's Sp. Atk stat.,The user attacks the target at full power. The attack’s recoil harshly lowers the user’s Sp. Atk stat.,"One other Pokémon on the field, selected by the trainer.",100
356,3,Shadow Rush,Shadow,,100,55,TODO,0,0,0,Attack,Defense,TODO,,"One other Pokémon on the field, selected by the trainer.",TODO
357,3,Shadow Blast,Shadow,,100,80,TODO,0,0,0,Attack,Defense,TODO,,"One other Pokémon on the field, selected by the trainer.",TODO
358,3,Shadow Blitz,Shadow,,100,40,TODO,0,0,0,Attack,Defense,TODO,,"One other Pokémon on the field, selected by the trainer.",TODO
359,3,Shadow Bolt,Shadow,,100,75,TODO,0,0,0,S. Attack,S. Defense,TODO,,"One other Pokémon on the field, selected by the trainer.",10
360,3,Shadow Break,Shadow,,100,75,TODO,0,0,0,Attack,Defense,TODO,,"One other Pokémon on the field, selected by the trainer.",TODO
361,3,Shadow Chill,Shadow,,100,75,TODO,0,0,0,S. Attack,S. Defense,TODO,,"One other Pokémon on the field, selected by the trainer.",10
362,3,Shadow End,Shadow,,60,120,TODO,0,0,0,Attack,Defense,TODO,,"One other Pokémon on the field, selected by the trainer.",TODO
363,3,Shadow Fire,Shadow,,100,75,TODO,0,0,0,S. Attack,S. Defense,TODO,,"One other Pokémon on the field, selected by the trainer.",10
364,3,Shadow Rave,Shadow,,100,70,TODO,0,0,0,S. Attack,S. Defense,TODO,,The opposing side of the field.  Affects opposing Pokémon.,TODO
365,3,Shadow Storm,Shadow,,100,95,TODO,0,0,0,S. Attack,S. Defense,TODO,,The opposing side of the field.  Affects opposing Pokémon.,TODO
366,3,Shadow Wave,Shadow,,100,50,TODO,0,0,0,S. Attack,S. Defense,TODO,,The opposing side of the field.  Affects opposing Pokémon.,TODO
367,3,Shadow Down,Shadow,,100,,TODO,0,0,0,None,None,TODO,,The opposing side of the field.  Affects opposing Pokémon.,TODO
368,3,Shadow Half,Shadow,,100,,TODO,0,0,0,S. Attack,S. Defense,TODO,,The entire field.  Affects all Pokémon.,TODO
369,3,Shadow Step,Shadow,TODO,TODO,TODO,TODO,TODO,0,0,TODO,TODO,TODO,,TODO,TODO
370,3,Shadow Hold,Shadow,,,,TODO,0,0,0,None,None,TODO,,The opposing side of the field.  Affects opposing Pokémon.,TODO
371,3,Shadow Mist,Shadow,,100,,TODO,0,0,0,None,None,TODO,,The opposing side of the field.  Affects opposing Pokémon.,TODO
372,3,Shadow Panic,Shadow,,90,,TODO,0,0,0,None,None,TODO,,The opposing side of the field.  Affects opposing Pokémon.,TODO
373,3,Shadow Shed,Shadow,,,,TODO,0,0,0,None,None,TODO,,The entire field.  Affects all Pokémon.,TODO
374,3,Shadow Sky,Shadow,,,,TODO,0,0,0,None,None,TODO,,The entire field.  Affects all Pokémon.,TODO
375,3,Wide Slash,TODO,TODO,TODO,TODO,TODO,TODO,0,0,TODO,TODO,TODO,,TODO,TODO
376,3,Vacuum Cut,TODO,TODO,TODO,TODO,TODO,TODO,0,0,TODO,TODO,TODO,,The entire field.  Affects all Pokémon.,TODO
377,3,Excavate,TODO,TODO,TODO,TODO,TODO,TODO,0,0,TODO,TODO,TODO,,TODO,TODO
378,3,Spin Slash,TODO,TODO,TODO,TODO,TODO,TODO,0,0,TODO,TODO,TODO,,TODO,TODO
379,4,Roost,Flying,-1,,,10,0,0,0,None,None,"The user lands and rests its body. It removes Levitate and Flying type for one turn, but restores the user’s HP by up to half of its max HP.",The user lands and rests its body. It restores the user’s HP by up to half of its max HP.,The user.,TODO
380,4,Gravity,Psychic,-1,,,5,0,0,0,None,None,"Gravity is intensified for the entire floor, making moves involving flying unusable and negating Levitate.",Enables Flying-type Pokémon or Pokémon with the Levitate Ability to be hit by Ground-type moves. Flying moves can’t be used.,The entire field.  Affects all Pokémon.,TODO
381,4,Miracle Eye,Psychic,-1,,,40,0,0,0,None,None,"The user takes on the Miracle Eye status, allowing it to ignore resistances and immunities. This also enables it to hit evasive targets.",Enables a Dark-type target to be hit by Psychic-type attacks. This also enables an evasive target to be hit.,"One other Pokémon on the field, selected by the trainer.",TODO
382,4,Wake Up Slap,Fighting,100,100,70,10,0,0,0,Attack,Defense,"This attack inflicts big damage on a sleeping target, immediately waking it up. Allies targeted by this move will not take damage.",This attack inflicts big damage on a sleeping target. This also wakes the target up however.,"One other Pokémon on the field, selected by the trainer.",TODO
383,4,Hammer Arm,Fighting,90,90,100,10,0,0,0,Attack,Defense,"The user swings and hits with its strong and heavy fist. It lowers the user’s Movement Speed, however.",The user swings and hits with its strong heavy fist. It lowers the user’s Speed however.,"One other Pokémon on the field, selected by the trainer.",100
384,4,Gyro Ball,Steel,100,100,,5,0,0,0,Attack,Defense,"The user tackles the target with a high-speed spin. The slower the user compared to the target, the greater the move's power.",The user tackles the target with a high-speed spin. The slower the user compared to the target the greater the move’s power.,"One other Pokémon on the field, selected by the trainer.",TODO
385,4,Healing Wish,Psychic,-1,,,10,0,0,0,None,None,"The user's HP drops to 1. In return, the rest of the party will have its HP restored and status conditions cured.",The user faints. In return the Pokémon taking its place will have its HP restored and status conditions cured.,The user.,TODO
386,4,Brine,Water,100,100,65,10,0,0,0,S. Attack,S. Defense,"If the target's HP is half or less, this attack will hit with double the power.",If the target’s HP is half or less this attack will hit with double the power.,"One other Pokémon on the field, selected by the trainer.",TODO
387,4,Natural Gift,Normal,100,100,,15,0,0,0,Attack,Defense,The user draws power to attack by using its held Berry. The Berry determines the move's type.,The user draws power to attack by using its held Berry. The Berry determines the move’s type and power.,"One other Pokémon on the field, selected by the trainer.",TODO
388,4,Feint,Normal,100,100,30,10,2,0,0,Attack,Defense,An attack that hits a target trying to protect itself. This also lifts the effects of those moves.,This attack hits a target using a move such as Protect or Detect. This also lifts the effects of those moves.,"One other Pokémon on the field, selected by the trainer.",TODO
389,4,Pluck,Flying,100,100,60,20,0,0,0,Attack,Defense,"The user pecks the target. If the target is holding a Berry, the user eats it and gains its effect.",The user pecks the target. If the target is holding a Berry the user eats it and gains its effect.,"One other Pokémon on the field, selected by the trainer.",TODO
390,4,Tailwind,Flying,-1,,,15,0,0,0,None,None,The user whips up a turbulent whirlwind that sharply raises the Movement Speed of the user and its allies.,The user whips up a turbulent whirlwind that ups the Speed stat of the user and its allies for four turns.,The user's side of the field.  Affects the user and its ally (if any).,TODO
391,4,Acupressure,Normal,-1,,,30,0,0,0,None,None,"The user applies pressure to an ally's stress points, sharply boosting its highest stat.",The user applies pressure to stress points sharply boosting one of its or its allies’ stats.,"Either the user or its ally, selected by the trainer.",TODO
392,4,Metal Burst,Steel,-1,100,,10,0,0,0,Attack,Defense,"When damaged, the user retaliates with much greater power against nearby opponents.",The user retaliates with much greater force against the opponent that last inflicted damage on it.,One specific move.  How this move is chosen depends upon on the move being used.,TODO
393,4,U turn,Bug,100,100,70,20,0,0,0,Attack,Defense,"After making its attack, the user jumps back several steps.",After making its attack the user rushes back to switch places with a party Pokémon in waiting.,"One other Pokémon on the field, selected by the trainer.",TODO
394,4,Close Combat,Fighting,100,100,120,5,0,0,0,Attack,Defense,The user fights the target up close without guarding itself. This also lowers the user's Defense and Sp. Def stats.,The user fights the target up close without guarding itself. This also lowers the user’s Defense and Sp. Def stats.,"One other Pokémon on the field, selected by the trainer.",100
395,4,Payback,Dark,100,100,50,10,0,0,0,Attack,Defense,"The user stores power, then attacks. If the user was last hit by the target, this attack's power will be doubled.",The user stores power then attacks. If the user moves after the target this attack’s power will be doubled.,"One other Pokémon on the field, selected by the trainer.",TODO
396,4,Assurance,Dark,100,100,60,10,0,0,0,Attack,Defense,"If the target was last attacked by the user, this attack's power is doubled.",If the target has already taken some damage in the same turn this attack’s power is doubled.,"One other Pokémon on the field, selected by the trainer.",TODO
397,4,Embargo,Dark,100,100,,15,0,0,0,None,None,This move prevents foes from using any items.,This move prevents the target from using its held item for five turns. Its Trainer is also prevented from using items on it.,"One other Pokémon on the field, selected by the trainer.",TODO
398,4,Fling,Dark,-1,100,,10,0,0,0,Attack,Defense,The user flings its held equipment at the target to attack. This move’s power and effects depend on the item.,The user flings its held item at the target to attack. This move’s power and effects depend on the item.,"One other Pokémon on the field, selected by the trainer.",TODO
399,4,Psycho Shift,Psychic,-1,100,,10,0,0,0,None,None,"Using its psychic power of suggestion, the user transfers its bad status conditions to the target.",Using its psychic power of suggestion the user transfers its status conditions to the target.,"One other Pokémon on the field, selected by the trainer.",TODO
400,4,Trump Card,Normal,-1,,,5,0,0,0,S. Attack,S. Defense,"The more PP this move has, the greater its power.",The fewer PP this move has the greater its power.,"One other Pokémon on the field, selected by the trainer.",TODO
401,4,Heal Block,Psychic,100,100,,15,0,0,0,None,None,The user prevents the opposing team from recovering HP.,For five turns the user prevents the opposing team from using any moves Abilities or held items that recover HP.,All opposing Pokémon.,TODO
402,4,Wring Out,Normal,100,100,,5,0,0,0,S. Attack,S. Defense,"The user powerfully wrings the target. The more HP the target has, the greater the move's power.",The user powerfully wrings the target. The more HP the target has the greater the move’s power.,"One other Pokémon on the field, selected by the trainer.",TODO
403,4,Power Trick,Psychic,-1,,,10,0,0,0,None,None,The user employs its psychic power to switch its Attack with its Defense stat.,The user employs its psychic power to switch its Attack stat with its Defense stat.,The user.,TODO
404,4,Gastro Acid,Poison,100,100,,10,0,0,0,None,None,The user hurls up its stomach acids on the target. The fluid eliminates the effect of the target's Ability.,The user hurls up its stomach acids on the target. The fluid eliminates the effect of the target’s Ability.,"One other Pokémon on the field, selected by the trainer.",TODO
405,4,Lucky Chant,Normal,-1,,,30,0,0,0,None,None,"The user chants an incantation toward the sky, preventing opposing Pokémon from landing critical hits or additional effects.",The user chants an incantation toward the sky preventing opposing Pokémon from landing critical hits for five turns.,The user's side of the field.  Affects the user and its ally (if any).,TODO
406,4,Me First,Normal,-1,,,20,0,0,0,None,None,The user cuts ahead of the target to steal and use the target's strongest move. It fails if the target has no attacking moves.,The user cuts ahead of the target to copy and use the target’s intended move with greater power. This move fails if it isn’t used first.,"One other Pokémon on the field, selected by the trainer.  Stolen moves reuse the same target.",TODO
407,4,Copycat,Normal,-1,,,20,0,0,0,None,None,The user mimics the move last used by the target. The move fails if the target hasn't used a move yet.,The user mimics the move used immediately before it. The move fails if no other move has been used yet.,The user.,TODO
408,4,Power Swap,Psychic,-1,,,10,0,0,0,None,None,The user employs its psychic power to switch changes to its Attack and Sp. Atk stats with the target.,The user employs its psychic power to switch changes to its Attack and Sp. Atk stats with the target.,"One other Pokémon on the field, selected by the trainer.",TODO
409,4,Guard Swap,Psychic,-1,,,10,0,0,0,None,None,The user employs its psychic power to switch changes to its Defense and Sp. Def stats with the target.,The user employs its psychic power to switch changes to its Defense and Sp. Def stats with the target.,"One other Pokémon on the field, selected by the trainer.",TODO
410,4,Punishment,Dark,100,100,,5,0,0,0,Attack,Defense,This move gets an extra 20 power for each of the foe's stat boosts,The more the target has powered up with stat changes the greater the move’s power.,"One other Pokémon on the field, selected by the trainer.",TODO
411,4,Last Resort,Normal,100,100,140,5,0,0,0,Attack,Defense,"The less total PP the user has, the greater the move's power.",This move can be used only after the user has used all the other moves it knows in the battle.,"One other Pokémon on the field, selected by the trainer.",TODO
412,4,Worry Seed,Grass,100,100,,10,0,0,0,None,None,A seed that causes worry is planted on the target. It prevents sleep by making the target's Ability Insomnia.,A seed that causes worry is planted on the target. It prevents sleep by making the target’s Ability Insomnia.,"One other Pokémon on the field, selected by the trainer.",TODO
413,4,Sucker Punch,Dark,100,100,70,5,1,0,0,Attack,Defense,This attacks foes from a distance. It fails on targets directly in front.,This move enables the user to attack first. This move fails if the target is not readying an attack.,"One other Pokémon on the field, selected by the trainer.",TODO
414,4,Toxic Spikes,Poison,-1,,,20,0,0,0,None,None,The user lays a trap of poison spikes around itself. They badly poison opposing Pokémon that step on it.,The user lays a trap of poison spikes at the feet of the opposing team. The spikes will poison opposing Pokémon that switch into battle.,The opposing side of the field.  Affects opposing Pokémon.,TODO
415,4,Heart Swap,Psychic,-1,,,10,0,0,0,None,None,The user employs its psychic power to switch stat changes with the target.,The user employs its psychic power to switch stat changes with the target.,"One other Pokémon on the field, selected by the trainer.",TODO
416,4,Aqua Ring,Water,-1,,,20,0,0,0,None,None,The user envelops the party in a veil made of water. It restores some HP every turn.,The user envelops itself in a veil made of water. It regains some HP every turn.,The user.,TODO
417,4,Magnet Rise,Electric,-1,,,10,0,0,0,None,None,"The user levitates itself and allies using electrically generated magnetism, for 5 turns.",The user levitates using electrically generated magnetism for five turns.,The user.,TODO
418,4,Flare Blitz,Fire,100,100,120,15,0,0,0,Attack,Defense,"The user cloaks itself in fire and charges the target. This has a 10% chance to burn the target, and deals 33% recoil damage to the user.",The user cloaks itself in fire and charges the target. This also damages the user quite a lot. This attack may leave the target with a burn.,"One other Pokémon on the field, selected by the trainer.",10
419,4,Force Palm,Fighting,100,100,60,10,0,0,0,Attack,Defense,The target is attacked with a shock wave. This may also leave the target with paralysis.,The target is attacked with a shock wave. This may also leave the target with paralysis.,"One other Pokémon on the field, selected by the trainer.",30
420,4,Aura Sphere,Fighting,-1,,90,20,0,0,0,S. Attack,S. Defense,The user lets loose a blast of aura power from deep within its body at the target. This attack never misses.,The user lets loose a blast of aura power from deep within its body at the target. This attack never misses.,"One other Pokémon on the field, selected by the trainer.",TODO
421,4,Rock Polish,Rock,-1,,,20,0,0,0,None,None,The user polishes its body to reduce drag. This can sharply raise its Movement Speed.,The user polishes its body to reduce drag. This can sharply raise the Speed stat.,The user.,TODO
422,4,Poison Jab,Poison,100,100,80,20,0,0,0,Attack,Defense,The target is stabbed with a tentacle or arm steeped in poison. This has a 30% chance to poison the target.,The target is stabbed with a tentacle or arm steeped in poison. This may also poison the target.,"One other Pokémon on the field, selected by the trainer.",30
423,4,Dark Pulse,Dark,100,100,80,15,0,0,0,S. Attack,S. Defense,The user releases a horrible aura imbued with dark thoughts. This has a 20% chance to make the target flinch.,The user releases a horrible aura imbued with dark thoughts. This may also make the target flinch.,"One other Pokémon on the field, selected by the trainer.",20
424,4,Night Slash,Dark,100,100,70,15,0,0,0,Attack,Defense,The user slashes the target the instant an opportunity arises. Critical hits land more easily.,The user slashes the target the instant an opportunity arises. Critical hits land more easily.,"One other Pokémon on the field, selected by the trainer.",TODO
425,4,Aqua Tail,Water,90,90,90,10,0,0,0,Attack,Defense,The user attacks by swinging its tail as if it were a vicious wave in a raging storm.,The user attacks by swinging its tail as if it were a vicious wave in a raging storm.,"One other Pokémon on the field, selected by the trainer.",TODO
426,4,Seed Bomb,Grass,100,100,80,15,0,0,0,Attack,Defense,The user slams a barrage of hard-shelled seeds on the target from above.,The user slams a barrage of hard-shelled seeds down on the target from above.,"One other Pokémon on the field, selected by the trainer.",TODO
427,4,Air Slash,Flying,100,95,75,15,0,0,0,S. Attack,S. Defense,The user attacks with a blade of air that slices even the sky. This has a 30% chance to make the target flinch.,The user attacks with a blade of air that slices even the sky. This may also make the target flinch.,"One other Pokémon on the field, selected by the trainer.",30
428,4,X Scissor,Bug,100,100,80,15,0,0,0,Attack,Defense,The user slashes at the target by crossing its scythes or claws as if they were a pair of scissors.,The user slashes at the target by crossing its scythes or claws as if they were a pair of scissors.,"One other Pokémon on the field, selected by the trainer.",TODO
429,4,Bug Buzz,Bug,100,100,90,10,0,0,0,S. Attack,S. Defense,The user vibrates its wings to generate a damaging sound wave. This may also lower the target's Sp. Def stat.,The user generates a damaging sound wave by vibration. This may also lower the target’s Sp. Def stat.,"One other Pokémon on the field, selected by the trainer.",10
430,4,Dragon Pulse,Dragon,100,100,85,10,0,0,0,S. Attack,S. Defense,The target is attacked with a shock wave generated by the user's gaping mouth.,The target is attacked with a shock wave generated by the user’s gaping mouth.,"One other Pokémon on the field, selected by the trainer.",TODO
431,4,Dragon Rush,Dragon,70,75,100,10,0,0,0,Attack,Defense,The user tackles the target while exhibiting overwhelming menace. This has a 20% chance to make the target flinch.,The user tackles the target while exhibiting overwhelming menace. This may also make the target flinch.,"One other Pokémon on the field, selected by the trainer.",20
432,4,Power Gem,Rock,100,100,80,20,0,0,0,S. Attack,S. Defense,The user attacks with rays of light that sparkle as if they were made of gemstones.,The user attacks with a ray of light that sparkles as if it were made of gemstones.,"One other Pokémon on the field, selected by the trainer.",TODO
433,4,Drain Punch,Fighting,100,100,75,10,0,0,0,Attack,Defense,An energy-draining punch. The user's HP is restored by half the damage taken by the target.,An energy-draining punch. The user’s HP is restored by half the damage taken by the target.,"One other Pokémon on the field, selected by the trainer.",TODO
434,4,Vacuum Wave,Fighting,100,100,40,30,1,0,0,S. Attack,S. Defense,The user whirls its fists to send a wave of pure vacuum at the target.,The user whirls its fists to send a wave of pure vacuum at the target. This move always goes first.,"One other Pokémon on the field, selected by the trainer.",TODO
435,4,Focus Blast,Fighting,70,70,120,5,0,0,0,S. Attack,S. Defense,The user heightens its mental focus and unleashes its power. This may also lower the target’s Sp. Def.,The user heightens its mental focus and unleashes its power. This may also lower the target’s  Sp. Def stat.,"One other Pokémon on the field, selected by the trainer.",10
436,4,Energy Ball,Grass,100,100,90,10,0,0,0,S. Attack,S. Defense,The user draws power from nature and fires it at the target. This has a 10% chance to lower the target's Sp. Def.,The user draws power from nature and fires it at the target. This may also lower the target’s Sp. Def stat.,"One other Pokémon on the field, selected by the trainer.",10
437,4,Brave Bird,Flying,100,100,120,15,0,0,0,Attack,Defense,The user tucks in its wings and charges from a low altitude. This deals the user 33% recoil damage.,The user tucks in its wings and charges from a low altitude. This also damages the user quite a lot.,"One other Pokémon on the field, selected by the trainer.",TODO
438,4,Earth Power,Ground,100,100,90,10,0,0,0,S. Attack,S. Defense,The user makes the ground under the target erupt with power. This has a 10% chance to lower the target's Sp. Def.,The user makes the ground under the target erupt with power. This may also lower the target’s  Sp. Def stat.,"One other Pokémon on the field, selected by the trainer.",10
439,4,Switcheroo,Dark,-1,100,,10,0,0,0,None,None,The user trades items with the target faster than the eye can follow.,The user trades held items with the target faster than the eye can follow.,"One other Pokémon on the field, selected by the trainer.",TODO
440,4,Giga Impact,Normal,100,90,150,5,0,0,1,Attack,Defense,The user charges at the target using every bit of its power. The user can't move for the next turn.,The user charges at the target using every bit of its power. The user can’t move on the next turn.,"One other Pokémon on the field, selected by the trainer.",TODO
441,4,Nasty Plot,Dark,-1,,,20,0,0,0,None,None,The user stimulates its brain by thinking bad thoughts. This sharply raises the user's Sp. Atk.,The user stimulates its brain by thinking bad thoughts. This sharply raises the user’s Sp. Atk stat.,The user.,TODO
442,4,Bullet Punch,Steel,100,100,40,30,1,0,0,Attack,Defense,The user strikes the target with tough punches as fast as bullets.,The user strikes the target with tough punches as fast as bullets. This move always goes first.,"One other Pokémon on the field, selected by the trainer.",TODO
443,4,Avalanche,Ice,100,100,60,10,-4,0,0,Attack,Defense,An attack move that inflicts double the damage if the user was attacked in its previous turn.,The power of this attack move is doubled if the user has been hurt by the target in the same turn.,"One other Pokémon on the field, selected by the trainer.",TODO
444,4,Ice Shard,Ice,100,100,40,30,1,0,0,Attack,Defense,The user flash-freezes chunks of ice and hurls them at the target.,The user flash-freezes chunks of ice and hurls them at the target. This move always goes first.,"One other Pokémon on the field, selected by the trainer.",TODO
445,4,Shadow Claw,Ghost,100,100,70,15,0,0,0,Attack,Defense,The user slashes with a sharp claw made from shadows. Critical hits land more easily.,The user slashes with a sharp claw made from shadows. Critical hits land more easily.,"One other Pokémon on the field, selected by the trainer.",TODO
446,4,Thunder Fang,Electric,100,95,65,15,0,0,0,Attack,Defense,The user bites with electrified fangs. This may also make the target flinch or leave it with paralysis.,The user bites with electrified fangs. This may also make the target flinch or leave it with paralysis.,"One other Pokémon on the field, selected by the trainer.",10
447,4,Ice Fang,Ice,100,95,65,15,0,0,0,Attack,Defense,"The user bites with cold-infused fangs. This has a 10% chance to flinch, and another 10% chance to freeze.",The user bites with cold-infused fangs. This may also make the target flinch or leave it frozen.,"One other Pokémon on the field, selected by the trainer.",10
448,4,Fire Fang,Fire,100,95,65,15,0,0,0,Attack,Defense,The user bites with flame-cloaked fangs. This has a 10% burn chance and a 10% flinch chance.,The user bites with flame-cloaked fangs. This may also make the target flinch or leave it with a burn.,"One other Pokémon on the field, selected by the trainer.",10
449,4,Shadow Sneak,Ghost,100,100,40,30,1,0,0,Attack,Defense,The user extends its shadow and attacks the target from behind.,The user extends its shadow and attacks the target from behind. This move always goes first.,"One other Pokémon on the field, selected by the trainer.",TODO
450,4,Mud Bomb,Ground,80,85,65,10,0,0,0,S. Attack,S. Defense,The user launches a hard-packed mud ball to attack. This may also lower the target's Accuracy.,The user launches a hard-packed mud ball to attack. This may also lower the target’s accuracy.,"One other Pokémon on the field, selected by the trainer.",30
451,4,Psycho Cut,Psychic,100,100,70,20,0,0,0,Attack,Defense,The user tears at the target with blades formed by psychic power. Critical hits land more easily.,The user tears at the target with blades formed by psychic power. Critical hits land more easily.,"One other Pokémon on the field, selected by the trainer.",TODO
452,4,Zen Headbutt,Psychic,100,90,80,15,0,0,0,Attack,Defense,The user focuses its willpower to its head and attacks the target. This may also make the target flinch.,The user focuses its willpower to its head and attacks the target. This may also make the target flinch.,"One other Pokémon on the field, selected by the trainer.",20
453,4,Mirror Shot,Steel,100,85,65,10,0,0,0,S. Attack,S. Defense,The user lets loose a flash of energy at the target from its polished body. This may also lower the target's Accuracy.,The user lets loose a flash of energy at the target from its polished body. This may also lower the target’s accuracy.,"One other Pokémon on the field, selected by the trainer.",30
454,4,Flash Cannon,Steel,100,100,80,10,0,0,0,S. Attack,S. Defense,The user gathers all its light energy and releases it at once. This has a 10% chance to lower the target's Sp. Def stat.,The user gathers all its light energy and releases it all at once. This may also lower the target’s Sp. Def stat.,"One other Pokémon on the field, selected by the trainer.",10
455,4,Rock Climb,Normal,75,85,90,20,0,0,0,Attack,Defense,The user attacks the target by smashing into it with incredible force. This may also confuse the target.,The user attacks the target by smashing into it with incredible force. This may also confuse the target.,"One other Pokémon on the field, selected by the trainer.",20
456,4,Defog,Flying,-1,,,15,0,0,0,None,None,A strong wind blows away the target's barriers such as Reflect or Light Screen. This also lowers the target's evasiveness.,A strong wind blows away the target’s barriers such as Reflect or Light Screen. This also lowers the target’s evasiveness.,"One other Pokémon on the field, selected by the trainer.",TODO
457,4,Trick Room,Psychic,-1,,,5,-6,0,0,None,None,The user creates a bizarre area in which slowed Pokémon move faster.,The user creates a bizarre area in which slower Pokémon get to move first for five turns.,The entire field.  Affects all Pokémon.,TODO
458,4,Draco Meteor,Dragon,100,90,130,5,0,0,0,S. Attack,S. Defense,Comets are summoned down from the sky onto the target. The attack's recoil harshly lowers the user's Special Attack stat.,Comets are summoned down from the sky onto the target. The attack’s recoil harshly lowers the user’s Sp. Atk stat.,"One other Pokémon on the field, selected by the trainer.",100
459,4,Discharge,Electric,100,100,80,15,0,0,0,S. Attack,S. Defense,The user strikes everything around it by letting loose a flare of electricity. This has a 30% chance to cause paralysis.,The user strikes everything around it by letting loose a flare of electricity. This may also cause paralysis.,Every other Pokémon on the field.,30
460,4,Lava Plume,Fire,100,100,80,15,0,0,0,S. Attack,S. Defense,The user torches everything around it with an inferno of scarlet flames. This has a 30% chance to leave those hit with a burn.,The user torches everything around it in an inferno of scarlet flames. This may also leave those it hits with a burn.,Every other Pokémon on the field.,30
461,4,Leaf Storm,Grass,100,90,130,5,0,0,0,S. Attack,S. Defense,The user whips up a storm of leaves around the target. The attack's recoil harshly lowers the user's Sp. Atk stat.,The user whips up a storm of leaves around the target. The attack’s recoil harshly lowers the user’s Sp. Atk stat.,"One other Pokémon on the field, selected by the trainer.",100
462,4,Power Whip,Grass,75,85,120,10,0,0,0,Attack,Defense,The user violently whirls its vines or tentacles to harshly lash the target.,The user violently whirls its vines tentacles or the  like to harshly lash the target.,"One other Pokémon on the field, selected by the trainer.",TODO
463,4,Rock Wrecker,Rock,90,90,150,5,0,0,0,Attack,Defense,The user launches a huge boulder at the target to attack. The user can't move on the next turn.,The user launches a huge boulder at the target to attack. The user can’t move on the next turn.,"One other Pokémon on the field, selected by the trainer.",TODO
464,4,Cross Poison,Poison,100,100,70,20,0,0,0,Attack,Defense,A slashing attack with a poisonous blade that may also poison the target. Critical hits land more easily.,A slashing attack with a poisonous blade that may also poison the target. Critical hits land more easily.,"One other Pokémon on the field, selected by the trainer.",10
465,4,Gunk Shot,Poison,75,80,120,5,0,0,0,Attack,Defense,The user shoots filthy garbage at the target to attack. This has a 30% chance to poison the target.,The user shoots filthy garbage at the target to attack. This may also poison the target.,"One other Pokémon on the field, selected by the trainer.",30
466,4,Iron Head,Steel,100,100,80,15,0,0,0,Attack,Defense,The user slams the target with its steel-hard head. This has a 30% chance to flinch.,The user slams the target with its steel-hard head. This may also make the target flinch.,"One other Pokémon on the field, selected by the trainer.",30
467,4,Magnet Bomb,Steel,-1,,60,20,0,0,0,Attack,Defense,The user launches steel bombs that stick to the target. This attack never misses.,The user launches steel bombs that stick to the target. This attack never misses.,"One other Pokémon on the field, selected by the trainer.",TODO
468,4,Stone Edge,Rock,80,80,100,5,0,0,0,Attack,Defense,The user stabs the target with sharpened stones from below. Critical hits land more easily.,The user stabs the target from below with sharpened stones. Critical hits land more easily.,"One other Pokémon on the field, selected by the trainer.",TODO
469,4,Captivate,Normal,100,100,,20,0,0,0,None,None,"The opposing Pokémon is charmed, which harshly lowers its Sp. Atk stat.",If any opposing Pokémon is the opposite gender of the user it is charmed which harshly lowers its Sp. Atk stat.,All opposing Pokémon.,TODO
470,4,Stealth Rock,Rock,-1,,,20,0,0,0,None,None,The user lays a trap of levitating stones around the target. The trap hurts opposing Pokémon that walk into it with a Rock-type attack.,The user lays a trap of levitating stones around the opposing team. The trap hurts opposing Pokémon that switch into battle.,The opposing side of the field.  Affects opposing Pokémon.,TODO
471,4,Grass Knot,Grass,100,100,,20,0,0,0,S. Attack,S. Defense,"The user snares the target with grass and trips it. The heavier the target, the greater the move's power.",The user snares the target with grass and trips it. The heavier the target the greater the move’s power.,"One other Pokémon on the field, selected by the trainer.",TODO
472,4,Chatter,Flying,100,100,65,20,0,0,0,S. Attack,S. Defense,The user attacks the target with sound waves of deafening chatter. This confuses the target.,The user attacks the target with sound waves of deafening chatter. This confuses the target.,"One other Pokémon on the field, selected by the trainer.",100
473,4,Judgment,Normal,100,100,100,10,0,0,0,S. Attack,S. Defense,The user draws from the power of its plates and releases countless shots of light at the target.,The user releases countless shots of light at the target. This move’s type varies depending on the kind of Plate the user is holding.,"One other Pokémon on the field, selected by the trainer.",TODO
474,4,Bug Bite,Bug,100,100,60,20,0,0,0,Attack,Defense,"The user bites the target. If the target is holding a Berry, the user eats it and gains its effect.",The user bites the target. If the target is holding a Berry the user eats it and gains its effect.,"One other Pokémon on the field, selected by the trainer.",TODO
475,4,Charge Beam,Electric,100,90,50,10,0,0,0,S. Attack,S. Defense,The user attacks with an electric charge. The user may use any remaining electricity to raise its Sp. Atk stat.,The user attacks with an electric charge. The user may use any remaining electricity to raise its Sp. Atk stat.,"One other Pokémon on the field, selected by the trainer.",70
476,4,Wood Hammer,Grass,100,100,120,15,0,0,0,Attack,Defense,The user slams its rugged body into the target to attack. This also damages the user quite a lot.,The user slams its rugged body into the target to attack. This also damages the user quite a lot.,"One other Pokémon on the field, selected by the trainer.",TODO
477,4,Aqua Jet,Water,100,100,40,20,1,0,0,Attack,Defense,The user lunges at the target at a speed that makes it almost invisible.,The user lunges at the target at a speed that makes it almost invisible. This move always goes first.,"One other Pokémon on the field, selected by the trainer.",TODO
478,4,Attack Order,Bug,100,100,90,15,0,0,0,Attack,Defense,The user calls out its underlings to pummel the target. Critical hits land more easily.,The user calls out its underlings to pummel the target. Critical hits land more easily.,"One other Pokémon on the field, selected by the trainer.",TODO
479,4,Defend Order,Bug,-1,,,10,0,0,0,None,None,"The user calls out its underlings to shield the party, raising their Defense and Sp. Def stats.",The user calls out its underlings to shield its body raising its Defense and Sp. Def stats.,The user.,TODO
480,4,Heal Order,Bug,-1,,,10,0,0,0,None,None,The user calls out its underlings to heal the party. Targets regain up to half of their max HP.,The user calls out its underlings to heal it. The user regains up to half of its max HP.,The user.,TODO
481,4,Head Smash,Rock,75,90,150,5,0,0,0,Attack,Defense,"The user attacks the target with a hazardous, full-power headbutt. This also gives the user a terrible 50% recoil.",The user attacks the target with a hazardous full-power headbutt. This also damages the user terribly.,"One other Pokémon on the field, selected by the trainer.",TODO
482,4,Double Hit,Normal,90,90,35,10,0,0,0,Attack,Defense,"The user slams the target with a long tail, vines, or a tentacle. The target is hit twice in a row.",The user slams the target with a long tail vines or a tentacle. The target is hit twice in a row.,"One other Pokémon on the field, selected by the trainer.",TODO
483,4,Roar of Time,Dragon,100,90,150,5,0,0,0,S. Attack,S. Defense,The user blasts the target with power that distorts even time. The user and targets can't move on the next turn.,The user blasts the target with power that distorts even time. The user can’t move on the next turn.,"One other Pokémon on the field, selected by the trainer.",TODO
484,4,Spacial Rend,Dragon,90,95,100,5,0,0,0,S. Attack,S. Defense,The user tears the target along with the space around it. Critical hits land more easily.,The user tears the target along with the space around it. Critical hits land more easily.,"One other Pokémon on the field, selected by the trainer.",TODO
485,4,Lunar Dance,Psychic,-1,,,10,0,0,0,None,None,"The user's HP drops to 1. In return, the party Pokémon will have their status and HP fully restored.",The user faints. In return the Pokémon taking its place will have its status and HP fully restored.,The user.,TODO
486,4,Crush Grip,Normal,100,100,,5,0,0,0,Attack,Defense,"The target is crushed with great force. The more HP the target has left, the greater this move's power.",The target is crushed with great force. The more HP the target has left the greater this move’s power.,"One other Pokémon on the field, selected by the trainer.",TODO
487,4,Magma Storm,Fire,75,75,100,5,0,0,0,S. Attack,S. Defense,The target becomes trapped within a maelstrom of fire that rages for three turns.,The target becomes trapped within a maelstrom of fire that rages for four to five turns.,"One other Pokémon on the field, selected by the trainer.",100
488,4,Dark Void,Dark,85,50,,10,0,0,0,None,None,Opposing Pokémon are dragged into a world of total darkness that makes them sleep.,Opposing Pokémon are dragged into a world of total darkness that makes them sleep.,All opposing Pokémon.,TODO
489,4,Seed Flare,Grass,85,85,120,5,0,0,0,S. Attack,S. Defense,The user emits a shock wave from its body to attack its target. This has a 50% chance to harshly lower the target's Sp. Def.,The user emits a shock wave from its body to attack its target. This may also harshly lower the target’s Sp. Def stat.,"One other Pokémon on the field, selected by the trainer.",40
490,4,Ominous Wind,Ghost,100,100,60,5,0,0,0,S. Attack,S. Defense,The user blasts the target with a gust of repulsive wind. This may also raise all the user's stats at once.,The user blasts the target with a gust of repulsive wind. This may also raise all the user’s stats at once.,"One other Pokémon on the field, selected by the trainer.",10
491,4,Shadow Force,Ghost,100,100,120,5,0,0,0,Attack,Defense,"The user disappears, then strikes the target any time in the next 5 turns. This move hits even if the target protects itself.",The user disappears then strikes the target on the next turn. This move hits even if the target protects itself.,"One other Pokémon on the field, selected by the trainer.",TODO
492,5,Hone Claws,Dark,-1,,,15,0,0,0,None,None,The user sharpens its claws to boost its Attack stat and Accuracy.,The user sharpens its claws to boost its Attack stat and accuracy.,The user.,TODO
493,5,Wide Guard,Rock,-1,,,10,3,0,0,None,None,The user and its allies are protected from wide-ranging attacks for five turns.,The user and its allies are protected from wide-ranging attacks for one turn.,The user's side of the field.  Affects the user and its ally (if any).,TODO
494,5,Guard Split,Psychic,-1,,,10,0,0,0,None,None,The user employs its psychic powers to average its Defense and Sp. Def stats with those of the target.,The user employs its psychic power to average its Defense and Sp. Def stats with those of the target.,"One other Pokémon on the field, selected by the trainer.",TODO
495,5,Power Split,Psychic,-1,,,10,0,0,0,None,None,The user employs its psychic power to average its Attack and Sp. Atk stats with those of the target.,The user employs its psychic power to average its Attack and Sp. Atk stats with those of the target.,"One other Pokémon on the field, selected by the trainer.",TODO
496,5,Wonder Room,Psychic,-1,,,10,0,0,0,None,None,The user creates a bizarre area in which Physical attacks and Special attacks are swapped.,The user creates a bizarre area in which Pokémon’s Defense and Sp. Def stats are swapped for five turns.,The entire field.  Affects all Pokémon.,TODO
497,5,Psyshock,Psychic,100,100,80,10,0,0,0,S. Attack,Defense,The user materializes an odd psychic wave to attack the target. This attack does physical damage.,The user materializes an odd psychic wave to attack the target. This attack does physical damage.,"One other Pokémon on the field, selected by the trainer.",TODO
498,5,Venoshock,Poison,100,100,65,10,0,0,0,S. Attack,S. Defense,The user drenches the target in a special poisonous liquid. This move's power is doubled if the target is poisoned.,The user drenches the target in a special poisonous liquid. This move’s power is doubled if the target is poisoned.,"One other Pokémon on the field, selected by the trainer.",TODO
499,5,Autotomize,Steel,-1,,,15,0,0,0,None,None,The user sheds part of its body to make itself lighter and sharply raise its Movement Speed by 2 stages.,The user sheds part of its body to make itself lighter and sharply raise its Speed stat.,The user.,TODO
500,5,Rage Powder,Bug,100,,,20,2,0,0,None,None,The user scatters a cloud of irritating powder to draw attention to itself. Opponents aim only at the user.,The user scatters a cloud of irritating powder to draw attention to itself. Opponents aim only at the user.,The user.,TODO
501,5,Telekinesis,Psychic,-1,,,15,0,0,0,None,None,The user sends the foe flying with its psychic power. The target is easier to hit for three turns.,The user makes the target float with its psychic power. The target is easier to hit for three turns.,"One other Pokémon on the field, selected by the trainer.",TODO
502,5,Magic Room,Psychic,-1,,,10,0,0,0,None,None,The user creates a bizarre area in which Pokémon's held items lose their effects.,The user creates a bizarre area in which Pokémon’s held items lose their effects for five turns.,The entire field.  Affects all Pokémon.,TODO
503,5,Smack Down,Rock,100,100,50,15,0,0,0,Attack,Defense,The user throws a stone or similar projectile to attack an opponent. A flying Pokémon will fall to the ground when it's hit.,The user throws a stone or similar projectile to attack an opponent. A flying Pokémon will fall to the ground when it’s hit.,"One other Pokémon on the field, selected by the trainer.",100
504,5,Storm Throw,Fighting,100,100,60,10,0,0,0,Attack,Defense,The user strikes the target with a fierce blow. This attack always results in a critical hit.,The user strikes the target with a fierce blow. This attack always results in a critical hit.,"One other Pokémon on the field, selected by the trainer.",TODO
505,5,Flame Burst,Fire,100,100,70,15,0,0,0,S. Attack,S. Defense,The user attacks the target with a bursting flame. The bursting flame damages opposing Pokémon next to the target as well.,The user attacks the target with a bursting flame. The bursting flame damages Pokémon next to the target as well.,"One other Pokémon on the field, selected by the trainer.",TODO
506,5,Sludge Wave,Poison,80,100,95,10,0,0,0,S. Attack,S. Defense,The user strikes everything around it by swamping the area with a giant sludge wave. This may also poison those hit.,The user strikes everything around it by swamping the area with a giant sludge wave. This may also poison those hit.,Every other Pokémon on the field.,10
507,5,Quiver Dance,Bug,-1,,,20,0,0,0,None,None,"The user lightly performs a beautiful, mystic dance. This boosts the user's Sp. Atk, Sp. Def, and Movement Speed.",The user lightly performs a beautiful mystic dance. This boosts the user’s Sp. Atk Sp. Def and Speed stats.,The user.,TODO
508,5,Heavy Slam,Steel,100,100,,10,0,0,0,Weight,Weight,"The user slams into the target with its heavy body. The more the user outweighs the target, the greater the move's power.",The user slams into the target with its heavy body. The more the user outweighs the target the greater the move’s power.,"One other Pokémon on the field, selected by the trainer.",TODO
509,5,Synchronoise,Psychic,100,100,120,10,0,0,0,S. Attack,S. Defense,"Using an odd shock wave, the user inflicts massive damage on any Pokémon of the same type in the area around it.",Using an odd shock wave the user inflicts damage on any Pokémon of the same type in the area around it.,Every other Pokémon on the field.,TODO
510,5,Electro Ball,Electric,100,100,,10,0,0,0,Speed,Speed,The user hurls an electric orb at the target. Uses both Pokemon's Speed for damage calculation.,The user hurls an electric orb at the target. The faster the user is than the target the greater the move’s power.,"One other Pokémon on the field, selected by the trainer.",TODO
511,5,Soak,Water,-1,100,,20,0,0,0,None,None,The user shoots a torrent of water at the target and changes the target's type to Water.,The user shoots a torrent of water at the target and changes the target’s type to Water.,"One other Pokémon on the field, selected by the trainer.",TODO
512,5,Flame Charge,Fire,100,100,50,20,0,0,0,Attack,Defense,"Cloaking itself in flame, the user attacks. Then, building up more power, the user raises its Movement Speed.",Cloaking itself in flame the user attacks. Then building up more power the user raises its Speed stat.,"One other Pokémon on the field, selected by the trainer.",100
513,5,Coil,Poison,-1,,,20,0,0,0,None,None,The user coils up and concentrates. This raises its Attack and Defense stats as well as its Accuracy.,The user coils up and concentrates. This raises its Attack and Defense stats as well as its accuracy.,The user.,TODO
514,5,Low Sweep,Fighting,100,100,65,20,0,0,0,Attack,Defense,"The user makes a swift attack on the target's legs, which lowers the target's Movement Speed.",The user makes a swift attack on the target’s legs which lowers the target’s Speed stat.,"One other Pokémon on the field, selected by the trainer.",100
515,5,Acid Spray,Poison,100,100,40,20,0,0,0,S. Attack,S. Defense,The user spits fluid that works to melt the target. This harshly lowers the target's Sp. Def stat.,The user spits fluid that works to melt the target. This harshly lowers the target’s Sp. Def stat.,"One other Pokémon on the field, selected by the trainer.",100
516,5,Foul Play,Dark,100,100,95,15,0,0,0,None,None,"The user turns the target's power against it. The higher the target's Attack stat, the greater the move's power.",The user turns the target’s power against it. The higher the target’s Attack stat the greater the move’s power.,"One other Pokémon on the field, selected by the trainer.",TODO
517,5,Simple Beam,Normal,-1,100,,15,0,0,0,None,None,The user's mysterious psychic wave changes the target's Ability to Simple.,The user’s mysterious psychic wave changes the target’s Ability to Simple.,"One other Pokémon on the field, selected by the trainer.",TODO
518,5,Entrainment,Normal,100,100,,15,0,0,0,None,None,"The user dances with an odd rhythm that compels the target to mimic it, making the target's Ability the same as the user's.",The user dances with an odd rhythm that compels the target to mimic it making the target’s Ability the same as the user’s.,"One other Pokémon on the field, selected by the trainer.",TODO
519,5,After You,Normal,-1,,,15,0,0,0,None,None,The user helps the target and raises its Movement Speed to the highest level for 1 turn.,The user helps the target and makes it use its move right after the user.,"One other Pokémon on the field, selected by the trainer.",TODO
520,5,Round,Normal,100,100,60,15,0,0,0,S. Attack,S. Defense,The user attacks the target with a song. Nearby allies will join in the Round and do extra damage.,The user attacks the target with a song. Others can join in the Round to increase the power of the attack.,"One other Pokémon on the field, selected by the trainer.",TODO
521,5,Echoed Voice,Normal,100,100,40,15,0,0,0,S. Attack,S. Defense,"The user attacks the target with an echoing voice. If this move is used every turn, it does greater damage.",The user attacks the target with an echoing voice. If this move is used every turn its power is increased.,"One other Pokémon on the field, selected by the trainer.",TODO
522,5,Chip Away,Normal,100,100,70,20,0,0,0,Attack,Defense,"Looking for an opening, the user strikes consistently. The target's stat changes don't affect this attack's damage.",Looking for an opening the user strikes consistently. The target’s stat changes don’t affect this attack’s damage.,"One other Pokémon on the field, selected by the trainer.",TODO
523,5,Clear Smog,Poison,-1,,50,15,0,0,0,S. Attack,S. Defense,The user attacks by throwing a clump of special mud. All stat changes are returned to normal.,The user attacks by throwing a clump of special mud. All stat changes are returned to normal.,"One other Pokémon on the field, selected by the trainer.",TODO
524,5,Stored Power,Psychic,100,100,20,10,0,0,0,S. Attack,S. Defense,The user attacks the target with stored power. The move gains +20 power with each stat boost.,The user attacks the target with stored power. The more the user’s stats are raised the greater the move’s power.,"One other Pokémon on the field, selected by the trainer.",TODO
525,5,Quick Guard,Fighting,-1,,,15,3,0,0,None,None,The user protects itself and its allies from long-range moves for five turns.,The user protects itself and its allies from priority moves.,The user's side of the field.  Affects the user and its ally (if any).,TODO
526,5,Ally Switch,Psychic,-1,,,15,2,0,0,None,None,"The user teleports all allies using a strange power, switching their places.",The user teleports using a strange power and switches places with one of its allies.,The user.,TODO
527,5,Scald,Water Fire,100,100,80,15,0,0,0,S. Attack,S. Defense,"The user shoots boiling hot water at its target. This may also leave the target with a burn, or unthaw them.",The user shoots boiling hot water at its target. This may also leave the target with a burn.,"One other Pokémon on the field, selected by the trainer.",30
528,5,Shell Smash,Normal,-1,,,15,0,0,0,None,None,"The user breaks its shell, which lowers Defense and Sp. Def stats but sharply raises its Attack, Sp. Atk, and Movement Speed.",The user breaks its shell which lowers Defense and Sp. Def stats but sharply raises its Attack Sp. Atk and Speed stats.,The user.,TODO
529,5,Heal Pulse,Psychic,-1,,,10,0,0,0,None,None,The user emits a healing pulse which restores the target's HP by up to half of its max HP.,The user emits a healing pulse that restores the target’s HP by up to half of its max HP.,"One other Pokémon on the field, selected by the trainer.",TODO
530,5,Hex,Ghost,100,100,65,10,0,0,0,S. Attack,S. Defense,This relentless attack does double damage to a target affected by major status conditions.,This relentless attack does massive damage to a target affected by status conditions.,"One other Pokémon on the field, selected by the trainer.",TODO
531,5,Sky Drop,Flying,100,100,60,10,0,0,0,Attack,Defense,"The user takes the target into the sky, then drops it during the next turn. The target cannot attack while in the sky.",The user takes the target into the sky then drops it during the next turn. The target cannot attack while in the sky.,"One other Pokémon on the field, selected by the trainer.",TODO
532,5,Shift Gear,Steel,-1,,,10,0,0,0,None,None,"The user rotates its gears, raising its Attack and sharply raising its Movement Speed.",The user rotates its gears raising its Attack stat and sharply raising its Speed stat.,The user.,TODO
533,5,Circle Throw,Fighting,100,90,60,10,-6,0,0,Attack,Defense,The target is thrown into the distance by the user.,The target is thrown and a different Pokémon is dragged out. In the wild this ends a battle against a single Pokémon.,"One other Pokémon on the field, selected by the trainer.",TODO
534,5,Incinerate,Fire,100,100,60,15,0,0,0,S. Attack,S. Defense,"The user attacks opposing Pokémon with fire. If a Pokémon has a food item, the item becomes burned up and unusable.",The user attacks opposing Pokémon with fire. If a Pokémon is holding a certain item such as a Berry the item becomes burned up and unusable.,All opposing Pokémon.,TODO
535,5,Quash,Dark,100,100,,15,0,0,0,None,None,The user suppresses the target and makes it flinch.,The user suppresses the target and makes its move go last.,"One other Pokémon on the field, selected by the trainer.",TODO
536,5,Acrobatics,Flying,100,100,55,15,0,0,0,Attack,Defense,"The user nimbly strikes the target. If the user is not holding an item, this attack inflicts massive damage.",The user nimbly strikes the target. If the user is not holding an item this attack inflicts massive damage.,"One other Pokémon on the field, selected by the trainer.",TODO
537,5,Reflect Type,Normal,-1,,,15,0,0,0,None,None,"The user reflects the target's type, making it the same type as the target.",The user reflects the target’s type making it the same type as the target.,"One other Pokémon on the field, selected by the trainer.",TODO
538,5,Retaliate,Normal,-1,100,70,5,0,0,0,Attack,Defense,"The user gets ready to retaliate, attacking whenever nearby foes deal damage to its allies.",The user gets revenge for a fainted ally. If an ally fainted in the previous turn this move’s power is increased.,"One other Pokémon on the field, selected by the trainer.",TODO
539,5,Final Gambit,Fighting,-1,100,,5,0,0,0,S. Attack,S. Defense,"The user risks everything to attack its target. The user's HP drops to 1, and does damage equal to the amount it lost.",The user risks everything to attack its target. The user faints but does damage equal to its HP.,"One other Pokémon on the field, selected by the trainer.",TODO
540,5,Bestow,Normal,-1,,,15,0,0,0,None,None,"The user passes its held item to the target, replacing the target's held item.",The user passes its held item to the target when the target isn’t holding an item.,"One other Pokémon on the field, selected by the trainer.",TODO
541,5,Inferno,Fire,50,50,100,5,0,0,0,S. Attack,S. Defense,The user attacks by engulfing the target in an intense fire. This will leave the target with a burn.,The user attacks by engulfing the target in an intense fire. This leaves the target with a burn.,"One other Pokémon on the field, selected by the trainer.",100
542,5,Water Pledge,Water,-1,100,80,10,0,0,0,S. Attack,S. Defense,"Whenever an enemy is attacked, the user follows up by striking the target with a column of water.",A column of water strikes the target. When combined with its fire equivalent its power increases and a rainbow appears.,"One other Pokémon on the field, selected by the trainer.",TODO
543,5,Fire Pledge,Fire,-1,100,80,10,0,0,0,S. Attack,S. Defense,"Whenever an enemy is attacked, the user follows up by striking the target with a column of fire.",A column of fire hits the target. When used with its grass equivalent its power increases and a vast sea of fire appears.,"One other Pokémon on the field, selected by the trainer.",TODO
544,5,Grass Pledge,Grass,-1,100,80,10,0,0,0,S. Attack,S. Defense,"Whenever an enemy is attacked, the user follows up by striking the target with a column of grass.",A column of grass hits the target. When used with its water equivalent its power increases and a vast swamp appears.,"One other Pokémon on the field, selected by the trainer.",TODO
545,5,Volt Switch,Electric,100,100,70,20,0,0,0,S. Attack,S. Defense,"After making its attack, the user rushes back several steps.",After making its attack the user rushes back to switch places with a party Pokémon in waiting.,"One other Pokémon on the field, selected by the trainer.",TODO
546,5,Struggle Bug,Bug,100,100,50,20,0,0,0,S. Attack,S. Defense,"While resisting, the user attacks the opposing Pokémon. This lowers the Sp. Atk stat of those hit.",While resisting the user attacks the opposing Pokémon. This lowers the Sp. Atk stat of those hit.,All opposing Pokémon.,100
547,5,Bulldoze,Ground,100,100,60,20,0,0,0,Attack,Defense,The user strikes everything around it and flattens the ground. This lowers the Movement Speed of those hit.,The user strikes everything around it by stomping down on the ground. This lowers the Speed stat of those hit.,Every other Pokémon on the field.,100
548,5,Frost Breath,Ice,85,90,60,10,0,0,0,S. Attack,S. Defense,The user blows its cold breath on the target. This attack always results in a critical hit.,The user blows its cold breath on the target. This attack always results in a critical hit.,"One other Pokémon on the field, selected by the trainer.",100
549,5,Dragon Tail,Dragon,100,90,60,10,-6,0,0,Attack,Defense,"The target is struck with the violent whip of a tail, knocking it away.",The target is knocked away and a different Pokémon is dragged out. In the wild this ends a battle against a single Pokémon.,"One other Pokémon on the field, selected by the trainer.",TODO
550,5,Work Up,Normal,-1,,,30,0,0,0,None,None,"The user is roused, and its Attack and Sp. Atk stats increase.",The user is roused and its Attack and Sp. Atk stats increase.,The user.,TODO
551,5,Electroweb,Electric,90,95,55,15,0,0,0,S. Attack,S. Defense,The user attacks and captures opposing Pokémon by using an electric net. This lowers their Movement Speed.,The user attacks and captures opposing Pokémon using an electric net. This lowers their Speed stat.,All opposing Pokémon.,100
552,5,Wild Charge,Electric,80,100,90,15,0,0,0,Attack,Defense,The user shrouds itself in electricity and smashes into its target. This also damages the user a little.,The user shrouds itself in electricity and smashes into its target. This also damages the user a little.,"One other Pokémon on the field, selected by the trainer.",TODO
553,5,Drill Run,Ground,100,95,80,10,0,0,0,Attack,Defense,The user crashes into its target while rotating its body like a drill. Critical hits land more easily.,The user crashes into its target while rotating its body like a drill. Critical hits land more easily.,"One other Pokémon on the field, selected by the trainer.",TODO
554,5,Dual Chop,Dragon,90,90,40,15,0,0,0,Attack,Defense,The user attacks its target by hitting it with brutal strikes. The target is hit twice in a row.,The user attacks its target by hitting it with brutal strikes. The target is hit twice in a row.,"One other Pokémon on the field, selected by the trainer.",TODO
555,5,Heart Stamp,Psychic,100,100,60,25,0,0,0,Attack,Defense,The user unleashes a vicious blow after its cute act makes the target less wary. This may also make the target flinch.,The user unleashes a vicious blow after its cute act makes the target less wary. This may also make the target flinch.,"One other Pokémon on the field, selected by the trainer.",30
556,5,Horn Leech,Grass,100,100,75,10,0,0,0,Attack,Defense,The user drains the target's energy with its horns. The user's HP is restored by half the damage taken by the target.,The user drains the target’s energy with its horns. The user’s HP is restored by half the damage taken by the target.,"One other Pokémon on the field, selected by the trainer.",TODO
557,5,Sacred Sword,Fighting,100,100,90,15,0,0,0,Attack,Defense,The user attacks by slicing with a long horn. The target's stat changes don't affect this attack's damage.,The user attacks by slicing with a long horn. The target’s stat changes don’t affect this attack’s damage.,"One other Pokémon on the field, selected by the trainer.",TODO
558,5,Razor Shell,Water,100,95,75,10,0,0,0,Attack,Defense,The user cuts its target with sharp shells. This has a 50% chance to  lower the target's Defense stat.,The user cuts its target with sharp shells. This may also lower the target’s Defense stat.,"One other Pokémon on the field, selected by the trainer.",50
559,5,Heat Crash,Fire,100,100,,10,0,0,0,Weight,Weight,"The user slams its target with its flame-covered body. The more the user outweighs the target, the greater the move's power.",The user slams its target with its flame-covered body. The more the user outweighs the target the greater the move’s power.,"One other Pokémon on the field, selected by the trainer.",TODO
560,5,Leaf Tornado,Grass,100,90,65,10,0,0,0,S. Attack,S. Defense,The user attacks its target by encircling it in sharp leaves. This attack may also lower the target's Accuracy.,The user attacks its target by encircling it in sharp leaves. This attack may also lower the target’s accuracy.,"One other Pokémon on the field, selected by the trainer.",50
561,5,Steamroller,Bug,100,100,65,20,0,0,0,Attack,Defense,The user crushes its targets by rolling over them with its rolled-up body. This attack may make the target flinch.,The user crushes its target by rolling over the target with its rolled-up body. This may also make the target flinch.,"One other Pokémon on the field, selected by the trainer.",30
562,5,Cotton Guard,Grass,-1,,,10,0,0,0,None,None,"The user protects itself by wrapping its body in soft cotton, which drastically raises the user's Defense stat by 3 stages.",The user protects itself by wrapping its body in soft cotton which drastically raises the user’s Defense stat.,The user.,TODO
563,5,Night Daze,Dark,100,95,85,10,0,0,0,S. Attack,S. Defense,The user lets loose a pitch-black shock wave at its target. This has a 50% chance to lower the target's Accuracy.,The user lets loose a pitch-black shock wave at its target. This may also lower the target’s accuracy.,"One other Pokémon on the field, selected by the trainer.",40
564,5,Psystrike,Psychic,100,100,100,10,0,0,0,S. Attack,Defense,The user materializes an odd psychic wave to attack everything around it. This attack does physical damage.,The user materializes an odd psychic wave to attack the target. This attack does physical damage.,"One other Pokémon on the field, selected by the trainer.",TODO
565,5,Tail Slap,Normal,70,85,25,10,0,0,0,Attack,Defense,The user attacks by striking the target with its hard tail. It hits the target five times in a row.,The user attacks by striking the target with its hard tail. It hits the target two to five times in a row.,"One other Pokémon on the field, selected by the trainer.",TODO
566,5,Hurricane,Flying,70,70,110,10,0,0,0,S. Attack,S. Defense,The user attacks by wrapping its opponent in a fierce wind that flies up into the sky. This has a 30% chance to confuse the target. It never misses in rain.,The user attacks by wrapping its opponent in a fierce wind that flies up into the sky. This may also confuse the target.,"One other Pokémon on the field, selected by the trainer.",30
567,5,Head Charge,Normal,100,100,120,15,0,0,0,Attack,Defense,"The user charges its head into its target, using its powerful guard hair. This also damages the user a little.",The user charges its head into its target using its powerful guard hair. This also damages the user a little.,"One other Pokémon on the field, selected by the trainer.",TODO
568,5,Gear Grind,Steel,85,85,50,15,0,0,0,Attack,Defense,The user attacks by throwing steel gears at its target twice.,The user attacks by throwing steel gears at its target twice.,"One other Pokémon on the field, selected by the trainer.",TODO
569,5,Searing Shot,Fire,100,100,100,5,0,0,0,S. Attack,S. Defense,The user torches everything around it with an inferno of scarlet flames. This has a 30% chance to leave those hit with a burn.,The user torches everything around it in an inferno of scarlet flames. This may also leave those it hits with a burn.,Every other Pokémon on the field.,30
570,5,Techno Blast,Normal,100,100,120,5,0,0,0,S. Attack,S. Defense,The user fires a beam of light at its target. The move's type changes depending on the form the user is in.,The user fires a beam of light at its target. The move’s type changes depending on the Drive the user holds.,"One other Pokémon on the field, selected by the trainer.",TODO
571,5,Relic Song,Normal,100,100,75,10,0,0,0,S. Attack,S. Defense,The user sings an ancient song and attacks by appealing to the hearts of the listening opposing Pokémon. Has a 10% chance to cause Sleep.,The user sings an ancient song and attacks by appealing to the hearts of the listening opposing Pokémon. This may also induce sleep.,All opposing Pokémon.,10
572,5,Secret Sword,Fighting,100,100,85,10,0,0,0,S. Attack,Defense,The user cuts with its long horn. The odd power contained in the horn does physical damage to the target. It also turns Keldeo into Resolute Form.,The user cuts with its long horn. The odd power contained in the horn does physical damage to the target.,"One other Pokémon on the field, selected by the trainer.",TODO
573,5,Glaciate,Ice,100,95,65,10,0,0,0,S. Attack,S. Defense,The user attacks by blowing freezing cold air at opposing Pokémon. This lowers their Movement Speed.,The user attacks by blowing freezing cold air at opposing Pokémon. This lowers their Speed stat.,All opposing Pokémon.,100
574,5,Bolt Strike,Electric,85,85,130,5,0,0,0,Attack,Defense,The user surrounds itself with a great amount of electricity and charges its target. This has a 20% chance to leave the target with paralysis.,The user surrounds itself with a great amount of electricity and charges its target. This may also leave the target with paralysis.,"One other Pokémon on the field, selected by the trainer.",20
575,5,Blue Flare,Fire,85,85,130,5,0,0,0,S. Attack,S. Defense,"The user attacks by engulfing the target in an intense, yet beautiful, blue flame. This has a 20% chance to leave the target with a burn.",The user attacks by engulfing the target in an intense yet beautiful blue flame. This may also leave the target with a burn.,"One other Pokémon on the field, selected by the trainer.",20
576,5,Fiery Dance,Fire,100,100,80,10,0,0,0,S. Attack,S. Defense,"Cloaked in flames, the user dances and flaps its wings. This has a 50% chance to raise the user's Sp. Atk stat.",Cloaked in flames the user dances and flaps its wings. This may also raise the user’s Sp. Atk stat.,"One other Pokémon on the field, selected by the trainer.",50
577,5,Freeze Shock,Ice,90,90,140,5,0,0,0,Attack,Defense,"On the second turn, the user hits the target with electrically charged ice. This may also leave the target with paralysis.",On the second turn the user hits the target with electrically charged ice. This may also leave the target with paralysis.,"One other Pokémon on the field, selected by the trainer.",30
578,5,Ice Burn,Ice,90,90,140,5,0,0,0,S. Attack,S. Defense,"On the second turn, an ultracold, freezing wind surrounds the target. This may leave the target with a burn.",On the second turn an ultracold freezing wind surrounds the target. This may leave the target with a burn.,"One other Pokémon on the field, selected by the trainer.",30
579,5,Snarl,Dark,100,95,55,15,0,0,0,S. Attack,S. Defense,"The user yells as if it's ranting about something, which lowers the Sp. Atk stat of opposing Pokémon.",The user yells as if it’s ranting about something which lowers the Sp. Atk stat of opposing Pokémon.,All opposing Pokémon.,100
580,5,Icicle Crash,Ice,100,90,85,10,0,0,0,Attack,Defense,The user attacks by harshly dropping large icicles onto the target. This has a 30% chance to make the target flinch.,The user attacks by harshly dropping large icicles onto the target. This may also make the target flinch.,"One other Pokémon on the field, selected by the trainer.",30
581,5,V Create,Fire,95,95,180,5,0,0,0,Attack,Defense,"With a hot flame on its forehead, the user hurls itself at its target. This lowers the user's Defense, Sp. Def, and Movement Speed.",With a hot flame on its forehead the user hurls itself at its target. This lowers the user’s Defense Sp. Def and Speed stats.,"One other Pokémon on the field, selected by the trainer.",100
582,5,Fusion Flare,Fire,100,100,100,5,0,0,0,S. Attack,S. Defense,The user brings down a giant flame. This attack is twice as  powerful when influenced by an enormous thunderbolt.,The user brings down a giant flame. This move’s power is increased when influenced by an enormous lightning bolt.,"One other Pokémon on the field, selected by the trainer.",TODO
583,5,Fusion Bolt,Electric,100,100,100,5,0,0,0,Attack,Defense,The user throws down a giant thunderbolt. This move is twice as powerful when influenced by an enormous flame.,The user throws down a giant lightning bolt. This move’s power is increased when influenced by an enormous flame.,"One other Pokémon on the field, selected by the trainer.",TODO
584,6,Flying Press,Fighting,95,95,100,10,0,0,0,Attack,Defense,The user dives down onto the target from the sky. This move is Fighting and Flying type simultaneously.,The user dives down onto the target from the sky. This move is Fighting and Flying type simultaneously.,"One other Pokémon on the field, selected by the trainer.",TODO
585,6,Mat Block,Fighting,-1,,,10,0,0,0,None,None,"Using a pulled-up mat as a shield, the user protects itself and its allies from damaging moves. This does not stop status moves.",Using a pulled-up mat as a shield the user protects itself and its allies from damaging moves. This does not stop status moves.,The user's side of the field.  Affects the user and its ally (if any).,TODO
586,6,Belch,Poison,-1,90,120,10,0,0,0,S. Attack,S. Defense,The user readies a belch. Eating a food item will unleash the move.,The user lets out a damaging belch at the target. The user must eat a held Berry to use this move.,"One other Pokémon on the field, selected by the trainer.",TODO
587,6,Rototiller,Ground,-1,,,10,0,0,0,None,None,"The user overturns the soil, destroying traps and making it easier for plants to grow. This raises the Attack and Sp. Atk stats of Grass-type Pokémon.",Tilling the soil the user makes it easier for plants to grow. This raises the Attack and Sp. Atk stats of Grass-type Pokémon.,Every Pokémon on the field.,100
588,6,Sticky Web,Bug,100,,,20,0,0,0,None,None,"The user shoots a sticky net at the target, causing its item to become sticky.",The user weaves a sticky net around the opposing team which lowers their Speed stat upon switching into battle.,The opposing side of the field.  Affects opposing Pokémon.,TODO
589,6,Fell Stinger,Bug,100,100,50,25,0,0,0,Attack,Defense,"When the user knocks out a target with this move, the user’s Attack stat rises drastically.",When the user knocks out a target with this move the user’s Attack stat rises drastically.,"One other Pokémon on the field, selected by the trainer.",TODO
590,6,Phantom Force,Ghost,100,100,90,10,0,0,0,Attack,Defense,"The user vanishes somewhere, then strikes the target any time in the next 5 turns. This move hits even if the target protects itself.",The user vanishes somewhere then strikes the target on the next turn. This move hits even if the target protects itself.,"One other Pokémon on the field, selected by the trainer.",TODO
591,6,Trick or Treat,Ghost,100,100,,20,0,0,0,None,None,The user takes the target trick-or-treating. This adds Ghost type to the target's type.,The user takes the target trick-or-treating. This adds Ghost type to the target’s type.,"One other Pokémon on the field, selected by the trainer.",TODO
592,6,Noble Roar,Normal,100,100,,30,0,0,0,None,None,"Letting out a noble roar, the user intimidates the target and lowers its Attack and Sp. Atk stats.",Letting out a noble roar the user intimidates the target and lowers its Attack and Sp. Atk stats.,"One other Pokémon on the field, selected by the trainer.",100
593,6,Ion Deluge,Electric,-1,,,25,1,0,0,None,None,"The user disperses electrically charged particles, which changes all moves by those affected to the Electric type.",The user disperses electrically charged particles which changes Normal-type moves to Electric-type moves.,The entire field.  Affects all Pokémon.,TODO
594,6,Parabolic Charge,Electric,100,100,65,20,0,0,0,S. Attack,S. Defense,The user attacks everything around it. The user's HP is restored by half the damage taken by those hit.,The user attacks everything around it. The user’s HP is restored by half the damage taken by those hit.,Every other Pokémon on the field.,TODO
595,6,Forest’s Curse,Grass,100,100,,20,0,0,0,None,None,The user puts a forest curse on the target. Afflicted targets are now Grass type as well.,The user puts a forest curse on the target. The target is now Grass type as well.,"One other Pokémon on the field, selected by the trainer.",TODO
596,6,Petal Blizzard,Grass,90,100,90,15,0,0,0,Attack,Defense,The user stirs up a violent petal blizzard and attacks everything around it.,The user stirs up a violent petal blizzard and attacks everything around it.,Every other Pokémon on the field.,TODO
597,6,Freeze Dry,Ice,90,100,70,20,0,0,0,S. Attack,S. Defense,The user rapidly cools the target. It has a 10% chance to freeze. This move is super effective on Water types.,The user rapidly cools the target. This may also leave the target frozen. This move is super effective on Water types.,"One other Pokémon on the field, selected by the trainer.",10
598,6,Disarming Voice,Fairy,-1,,40,15,0,0,0,S. Attack,S. Defense,"Letting out a charming cry, the user does emotional damage to opposing Pokémon. This attack never misses.",Letting out a charming cry the user does emotional damage to opposing Pokémon. This attack never misses.,All opposing Pokémon.,TODO
599,6,Parting Shot,Dark,-1,100,,20,0,0,0,None,None,"With a parting threat, the user lowers the target's Attack and Sp. Atk stats. Then it warps away.",With a parting threat the user lowers the target’s Attack and Sp. Atk stats. Then it switches with a party Pokémon.,"One other Pokémon on the field, selected by the trainer.",100
600,6,Topsy Turvy,Dark,-1,,,20,0,0,0,None,None,All stat changes affecting the targets turn topsy-turvy and become the opposite of what they were.,All stat changes affecting the target turn topsy-turvy and become the opposite of what they were.,"One other Pokémon on the field, selected by the trainer.",TODO
601,6,Draining Kiss,Fairy,100,100,50,10,0,0,0,S. Attack,S. Defense,The user steals the target's energy with a kiss. The user's HP is restored by 75% the damage taken by the target.,The user steals the target’s HP with a kiss. The user’s HP is restored by over half of the damage taken by the target.,"One other Pokémon on the field, selected by the trainer.",TODO
602,6,Crafty Shield,Fairy,-1,,,10,3,0,0,None,None,The user protects itself and its allies from status moves with a mysterious power. This does not stop moves that do damage.,The user protects itself and its allies from status moves with a mysterious power. This does not stop moves that do damage.,The user's side of the field.  Affects the user and its ally (if any).,TODO
603,6,Flower Shield,Fairy,-1,,,10,0,0,0,None,None,The user raises the Defense stat of all Pokémon in the party with a mysterious power.,The user raises the Defense stat of all Grass-type Pokémon in battle with a mysterious power.,Every Pokémon on the field.,100
604,6,Grassy Terrain,Grass,-1,,,10,0,0,0,None,None,The user covers the entire floor with grass. This restores the HP of all Pokémon except Flying types.,The user turns the ground to grass for five turns. This restores the HP of Pokémon on the ground a little every turn and powers up Grass type-moves.,The entire field.  Affects all Pokémon.,TODO
605,6,Misty Terrain,Fairy,-1,,,10,0,0,0,None,None,The user covers the entire floor with mist. This protects Pokémon from status conditions.,This protects Pokémon on the ground from status conditions and halves damage from Dragon-type moves for five turns.,The entire field.  Affects all Pokémon.,TODO
606,6,Electrify,Electric,-1,,,20,0,0,0,None,None,"The target is electrified, converting its type to Electric.",If the target is electrified before it uses a move during that turn the target’s move becomes Electric type.,"One other Pokémon on the field, selected by the trainer.",TODO
607,6,Play Rough,Fairy,100,90,90,10,0,0,0,Attack,Defense,The user plays rough with the target and attacks it. This has a 10% chance to lower the target's Attack stat.,The user plays rough with the target and attacks it. This may also lower the target’s Attack stat.,"One other Pokémon on the field, selected by the trainer.",10
608,6,Fairy Wind,Fairy,100,100,40,30,0,0,0,S. Attack,S. Defense,The user stirs up a fairy wind and strikes the target with it.,The user stirs up a fairy wind and strikes the target with it.,"One other Pokémon on the field, selected by the trainer.",TODO
609,6,Moonblast,Fairy,100,100,95,15,0,0,0,S. Attack,S. Defense,"Borrowing the power of the moon, the user attacks the target. This has a 30% chance to lower the target's Sp. Atk stat.",Borrowing the power of the moon the user attacks the target. This may also lower the target’s Sp. Atk stat.,"One other Pokémon on the field, selected by the trainer.",30
610,6,Boomburst,Normal,100,100,140,10,0,0,0,S. Attack,S. Defense,"The user attacks everything around it with the destructive power of a terrible, explosive sound. It fails if there's only 1 foe.",The user attacks everything around it with the destructive power of a terrible explosive sound.,Every other Pokémon on the field.,TODO
611,6,Fairy Lock,Fairy,-1,,,10,0,0,0,None,None,"By locking down the battlefield, the user immobilizes all other Pokémon in the area.",By locking down the battlefield the user keeps all Pokémon from fleeing during the next turn.,The entire field.  Affects all Pokémon.,TODO
612,6,King’s Shield,Steel,-1,,,10,4,0,0,None,None,The user takes a defensive stance while it protects itself from damage. It also harshly lowers the Attack stat of any attacker who makes direct contact.,The user takes a defensive stance while it protects itself from damage. It also harshly lowers the Attack stat of any attacker who makes direct contact.,The user.,TODO
613,6,Play Nice,Normal,-1,,,20,0,0,0,None,None,"The user and the target become friends, and the target loses its will to fight. This lowers the target's Sp. Atk stat.",The user and the target become friends and the target loses its will to fight. This lowers the target’s Attack stat.,"One other Pokémon on the field, selected by the trainer.",100
614,6,Confide,Normal,-1,,,20,0,0,0,None,None,"The user tells the target a secret, and the target loses its ability to concentrate. This lowers the target's Sp. Atk stat.",The user tells the target a secret and the target loses its ability to concentrate. This lowers the target’s Sp. Atk stat.,"One other Pokémon on the field, selected by the trainer.",100
615,6,Diamond Storm,Rock,95,95,100,5,0,0,0,Attack,Defense,The user whips up a storm of diamonds to damage opposing Pokémon. This may also sharply raise the user's Defense stat.,The user whips up a storm of diamonds to damage opposing Pokémon. This may also sharply raise the user’s Defense stat.,All opposing Pokémon.,50
616,6,Steam Eruption,Water,95,95,110,5,0,0,0,S. Attack,S. Defense,The user immerses the target in superheated steam. This may also leave the target with a burn.,The user immerses the target in superheated steam. This may also leave the target with a burn.,"One other Pokémon on the field, selected by the trainer.",30
617,6,Hyperspace Hole,Psychic,-1,,80,5,0,0,0,S. Attack,S. Defense,"Using a hyperspace hole, the user appears right next to the target and strikes. This also hits a target using Protect or Detect.",Using a hyperspace hole the user appears right next to the target and strikes. This also hits a target using a move such as Protect or Detect.,"One other Pokémon on the field, selected by the trainer.",TODO
618,6,Water Shuriken,Water,80,100,15,20,1,0,0,S. Attack,S. Defense,The user hits the target with throwing stars three times in a row.,The user hits the target with throwing stars two to five times in a row. This move always goes first.,"One other Pokémon on the field, selected by the trainer.",TODO
619,6,Mystical Fire,Fire,100,100,75,10,0,0,0,S. Attack,S. Defense,"The user attacks by breathing a special, hot fire. This also lowers the target's Sp. Atk stat.",The user attacks by breathing a special hot fire. This also lowers the target’s Sp. Atk stat.,"One other Pokémon on the field, selected by the trainer.",100
620,6,Spiky Shield,Grass,-1,,,10,4,0,0,None,None,"In addition to protecting the user from attacks, this move also damages any attacker who makes direct contact.",In addition to protecting the user from attacks this move also damages any attacker who makes direct contact.,The user.,TODO
621,6,Aromatic Mist,Fairy,-1,,,20,0,0,0,None,None,The user sharply raises the Sp. Def stat of ally Pokémon with a mysterious aroma.,The user raises the Sp. Def stat of an ally Pokémon by using a mysterious aroma.,The user's ally (if any).,TODO
622,6,Eerie Impulse,Electric,100,100,,15,0,0,0,None,None,The user's body generates an eerie impulse. Exposing the target to it harshly lowers the target's Sp. Atk stat.,The user’s body generates an eerie impulse. Exposing the target to it harshly lowers the target’s Sp. Atk stat.,"One other Pokémon on the field, selected by the trainer.",TODO
623,6,Venom Drench,Poison,100,100,,20,0,0,0,None,None,"Opposing Pokémon are drenched in an odd poisonous liquid. This lowers their Attack, Sp. Atk, and Movement Speed.",Opposing Pokémon are drenched in an odd poisonous liquid. This lowers the Attack Sp. Atk and Speed stats of a poisoned target.,All opposing Pokémon.,100
624,6,Powder,Bug,100,100,,20,1,0,0,None,None,The user covers opponents in a powder that causes an explosion when exposed to fire or electricity.,The user covers the target in a combustible powder. If the target uses a Fire-type move the powder explodes and damages the target.,"One other Pokémon on the field, selected by the trainer.",TODO
625,6,Geomancy,Fairy,-1,,,10,0,1,0,None,None,"The user absorbs energy and sharply raises its Sp. Atk, Sp. Def, and Speed stats on the next turn.",The user absorbs energy and sharply raises its Sp. Atk Sp. Def and Speed stats on the next turn.,The user.,TODO
626,6,Magnetic Flux,Electric,-1,,,20,0,0,0,None,None,The user manipulates magnetic fields which raises the Defense and Sp. Def stats of ally Pokémon.,The user manipulates magnetic fields which raises the Defense and Sp. Def stats of ally Pokémon with the Plus or Minus Ability.,The user and its allies.,TODO
627,6,Happy Hour,Normal,-1,,,30,0,0,0,None,None,Using Happy Hour causes all ground ₽ to be doubled. Only works on ₽ that hasn't been touched by any Pokemon.,Using Happy Hour doubles the amount of prize money received after battle.,The user's side of the field.  Affects the user and its ally (if any).,TODO
628,6,Electric Terrain,Electric,-1,,,10,0,0,0,None,None,The user electrifies the entire floor. Pokémon can no longer fall asleep.,The user electrifies the ground for five turns powering up Electric-type moves. Pokémon on the ground no longer fall asleep.,The entire field.  Affects all Pokémon.,TODO
629,6,Dazzling Gleam,Fairy,100,100,80,10,0,0,0,S. Attack,S. Defense,The user damages opposing Pokémon by emitting a powerful flash.,The user damages opposing Pokémon by emitting a powerful flash.,All opposing Pokémon.,TODO
630,6,Celebrate,Normal Fairy,-1,,,40,0,0,0,None,None,Yay!,The Pokémon congratulates you on your special day!,The user.,TODO
631,6,Hold Hands,Normal,-1,,,40,0,0,0,None,None,The user and an ally hold hands. This makes them very happy.,The user and an ally hold hands. This makes them very happy.,The user's ally (if any).,TODO
632,6,Baby Doll Eyes,Fairy,100,100,,30,1,0,0,None,None,"The user stares at the target with its baby-doll eyes, which lowers its Attack stat.",The user stares at the target with its baby-doll eyes which lowers its Attack stat. This move always goes first.,"One other Pokémon on the field, selected by the trainer.",TODO
633,6,Nuzzle,Electric,100,100,20,20,0,0,0,Attack,Defense,The user attacks by nuzzling its electrified cheeks against the target. This also leaves the target with paralysis.,The user attacks by nuzzling its electrified cheeks against the target. This also leaves the target with paralysis.,"One other Pokémon on the field, selected by the trainer.",100
634,6,Hold Back,Normal,100,100,40,40,0,0,0,Attack,Defense,The user holds back when it attacks and the target is left with at least 1 HP.,The user holds back when it attacks and the target is left with at least 1 HP.,"One other Pokémon on the field, selected by the trainer.",TODO
635,6,Infestation,Bug,100,100,20,20,0,0,0,S. Attack,S. Defense,The target is infested and trapped for three turns.,The target is infested and attacked for four to five turns. The target can’t flee during this time.,"One other Pokémon on the field, selected by the trainer.",100
636,6,Power Up Punch,Fighting,100,100,40,20,0,0,0,Attack,Defense,Striking opponents over and over makes the user's fists harder. Hitting a target raises the Attack stat.,Striking opponents over and over makes the user’s fists harder. Hitting a target raises the Attack stat.,"One other Pokémon on the field, selected by the trainer.",100
637,6,Oblivion Wing,Flying,100,100,80,10,0,0,0,S. Attack,S. Defense,The user absorbs its target's HP. The user's HP is restored by 75% the damage taken by the target.,The user absorbs its target’s HP. The user’s HP is restored by over half of the damage taken by the target.,"One other Pokémon on the field, selected by the trainer.",TODO
638,6,Thousand Arrows,Ground,100,100,90,10,0,0,0,Attack,Defense,This move also hits opposing Pokémon that are in the air. Those Pokémon are knocked down to the ground.,This move also hits opposing Pokémon that are in the air. Those Pokémon are knocked down to the ground.,All opposing Pokémon.,100
639,6,Thousand Waves,Ground,100,100,90,10,0,0,0,Attack,Defense,The user attacks with a wave that crawls along the ground. Those hit can't flee from battle.,The user attacks with a wave that crawls along the ground. Those hit can’t flee from battle.,All opposing Pokémon.,TODO
640,6,Land’s Wrath,Ground,100,100,90,10,0,0,0,Attack,Defense,The user gathers the energy of the land and focuses that power on opposing Pokémon to damage them.,The user gathers the energy of the land and focuses that power on opposing Pokémon to damage them.,All opposing Pokémon.,TODO
641,6,Light of Ruin,Fairy,90,90,140,5,0,0,0,S. Attack,S. Defense,"Drawing power from the Eternal Flower, the user fires a powerful beam of light. This also damages the user quite a lot.",Drawing power from the Eternal Flower the user fires a powerful beam of light. This also damages the user quite a lot.,"One other Pokémon on the field, selected by the trainer.",TODO
642,6,Origin Pulse,Water,85,85,110,10,0,0,0,S. Attack,S. Defense,The user attacks opposing Pokémon with countless beams of light that glow a deep and brilliant blue.,The user attacks opposing Pokémon with countless beams of light that glow a deep and brilliant blue.,All opposing Pokémon.,TODO
643,6,Precipice Blades,Ground,85,85,120,10,0,0,0,Attack,Defense,The user attacks opposing Pokémon by manifesting the power of the land in fearsome blades of stone.,The user attacks opposing Pokémon by manifesting the power of the land in fearsome blades of stone.,All opposing Pokémon.,TODO
644,6,Dragon Ascent,Flying,100,100,120,5,0,0,0,Attack,Defense,"After soaring upward, the user attacks its target by dropping out of the sky at high speeds, although it lowers its own Defense and Sp. Def in the process.",After soaring upward the user attacks its target by dropping out of the sky at high speeds. But it lowers its own Defense and Sp. Def stats in the process.,"One other Pokémon on the field, selected by the trainer.",100
645,6,Hyperspace Fury,Dark,-1,,100,5,0,0,0,Attack,Defense,"Using its many arms, the user unleashes a barrage of attacks that ignore the effects of moves like Protect and Detect. This attack lowers the user's Defense.",Using its many arms the user unleashes a barrage of attacks that ignore the effects of moves like Protect and Detect. But the user’s Defense stat falls.,"One other Pokémon on the field, selected by the trainer.",100
646,7,Shore Up,Ground,-1,,,10,0,0,0,None,None,The user regains up to half of its max HP. It restores more HP in a sandstorm.,The user regains up to half of its max HP. It restores more HP in a sandstorm.,The user.,TODO
647,7,First Impression,Bug,100,100,110,10,2,0,0,Attack,Defense,"Although this move has great power and speed, it only works once per floor.",Although this move has great power it only works the first turn the user is in battle.,"One other Pokémon on the field, selected by the trainer.",TODO
648,7,Baneful Bunker,Poison,-1,,,10,4,0,0,None,None,"In addition to protecting the user from attacks, this move also poisons any attacker that makes direct contact.",In addition to protecting the user from attacks this move also poisons any attacker that makes direct contact.,The user.,TODO
649,7,Spirit Shackle,Ghost,100,100,80,10,0,0,0,Attack,Defense,The user attacks while simultaneously stitching the target's shadow to the ground to prevent the target from escaping.,The user attacks while simultaneously stitching the target’s shadow to the ground to prevent the target from escaping.,"One other Pokémon on the field, selected by the trainer.",TODO
650,7,Darkest Lariat,Dark,100,100,85,10,0,0,0,Attack,Defense,The user swings both arms and hits the target. The target's stat changes don't affect this attack's damage.,The user swings both arms and hits the target. The target’s stat changes don’t affect this attack’s damage.,"One other Pokémon on the field, selected by the trainer.",TODO
651,7,Sparkling Aria,Water,100,100,90,10,0,0,0,S. Attack,S. Defense,"The user bursts into song, emitting many bubbles. Any Pokémon suffering from a burn will be healed by the touch of these bubbles.",The user bursts into song emitting many bubbles. Any Pokémon suffering from a burn will be healed by the touch of these bubbles.,Every other Pokémon on the field.,TODO
652,7,Ice Hammer,Ice,90,90,100,10,0,0,0,Attack,Defense,"The user swings and hits with its strong, heavy fist. It lowers the user's Speed, however.",The user swings and hits with its strong heavy fist. It lowers the user’s Speed however.,"One other Pokémon on the field, selected by the trainer.",100
653,7,Floral Healing,Fairy,-1,,,10,0,0,0,None,None,The user restores the target's HP by up to half of its max HP. It restores more HP when the terrain is grass.,The user restores the target’s HP by up to half of its max HP. It restores more HP when the terrain is grass.,"One other Pokémon on the field, selected by the trainer.",TODO
654,7,High Horsepower,Ground,95,95,95,10,0,0,0,Attack,Defense,The user fiercely attacks the target using its entire body.,The user fiercely attacks the target using its entire body.,"One other Pokémon on the field, selected by the trainer.",TODO
655,7,Strength Sap,Grass,100,100,,10,0,0,0,None,None,The user restores its HP by the same amount as the target's Attack stat. It also lowers the target's Attack stat.,The user restores its HP by the same amount as the target’s Attack stat. It also lowers the target’s Attack stat.,"One other Pokémon on the field, selected by the trainer.",100
656,7,Solar Blade,Grass,100,100,125,10,0,0,0,Attack,Defense,"The user gathers light and fills a blade with the light's energy, attacking the target on the next turn. In sunlight, the charge is skipped and it never misses.",In this two-turn attack the user gathers light and fills a blade with the light’s energy attacking the target on the next turn.,"One other Pokémon on the field, selected by the trainer.",TODO
657,7,Leafage,Grass,100,100,40,40,0,0,0,Attack,Defense,The user attacks by pelting the target with leaves.,The user attacks by pelting the target with leaves.,"One other Pokémon on the field, selected by the trainer.",TODO
658,7,Spotlight,Normal,-1,,,15,3,0,0,None,None,The user shines a spotlight on the target so that only the target will be attacked during the turn.,The user shines a spotlight on the target so that only the target will be attacked during the turn.,"One other Pokémon on the field, selected by the trainer.",TODO
659,7,Toxic Thread,Poison,100,100,,20,0,0,0,None,None,The user shoots poisonous threads to poison the target and lower the target's Speed stat.,The user shoots poisonous threads to poison the target and lower the target’s Speed stat.,"One other Pokémon on the field, selected by the trainer.",100
660,7,Laser Focus,Normal,-1,,,30,0,0,0,None,None,The user concentrates intensely. The attack on the next turn always results in a critical hit.,The user concentrates intensely. The attack on the next turn always results in a critical hit.,The user.,TODO
661,7,Gear Up,Steel,-1,,,20,0,0,0,None,None,The user engages its gears to raise the Attack and Sp. Atk stats of ally Pokémon with the Plus or Minus Ability.,The user engages its gears to raise the Attack and Sp. Atk stats of ally Pokémon with the Plus or Minus Ability.,The user and its allies.,TODO
662,7,Throat Chop,Dark,100,100,80,15,0,0,0,Attack,Defense,"The user attacks the target's throat, and the resultant suffering prevents the target from using moves that emit sound for two turns.",The user attacks the target’s throat and the resultant suffering prevents the target from using moves that emit sound for two turns.,"One other Pokémon on the field, selected by the trainer.",100
663,7,Pollen Puff,Bug,100,100,90,15,0,0,0,S. Attack,S. Defense,"The user attacks the enemy with a pollen puff that explodes. If the target is an ally, it gives the ally a pollen puff that restores its HP instead.",The user attacks the enemy with a pollen puff that explodes. If the target is an ally it gives the ally a pollen puff that restores its HP instead.,"One other Pokémon on the field, selected by the trainer.",TODO
664,7,Anchor Shot,Steel,100,100,80,20,0,0,0,Attack,Defense,The user entangles the target with its anchor chain while attacking. The target becomes unable to flee.,The user entangles the target with its anchor chain while attacking. The target becomes unable to flee.,"One other Pokémon on the field, selected by the trainer.",TODO
665,7,Psychic Terrain,Psychic,-1,,,10,0,0,0,None,None,This protects Pokémon on the ground from priority moves and powers up Psychic-type moves for five turns.,This protects Pokémon on the ground from priority moves and powers up Psychic-type moves for five turns.,The entire field.  Affects all Pokémon.,TODO
666,7,Lunge,Bug,100,100,80,15,0,0,0,Attack,Defense,"The user makes a lunge at the target, attacking with full force. This also lowers the target's Attack stat.",The user makes a lunge at the target attacking with full force. This also lowers the target’s Attack stat.,"One other Pokémon on the field, selected by the trainer.",100
667,7,Fire Lash,Fire,100,100,80,15,0,0,0,Attack,Defense,The user strikes the target with a burning lash. This also lowers the target's Defense stat.,The user strikes the target with a burning lash. This also lowers the target’s Defense stat.,"One other Pokémon on the field, selected by the trainer.",100
668,7,Power Trip,Dark,100,100,20,10,0,0,0,Attack,Defense,The user boasts its strength and attacks the target. This move gets 20 extra  power for each stat boost.,The user boasts its strength and attacks the target. The more the user’s stats are raised the greater the move’s power.,"One other Pokémon on the field, selected by the trainer.",TODO
669,7,Burn Up,Fire,100,100,130,5,0,0,0,S. Attack,S. Defense,"To inflict massive damage, the user burns itself out. After using this move, the user will no longer be Fire type.",To inflict massive damage the user burns itself out. After using this move the user will no longer be Fire type.,"One other Pokémon on the field, selected by the trainer.",TODO
670,7,Speed Swap,Psychic,-1,,,10,0,0,0,None,None,The user exchanges Speed stats with the target.,The user exchanges Speed stats with the target.,"One other Pokémon on the field, selected by the trainer.",TODO
671,7,Smart Strike,Steel,-1,,70,10,0,0,0,Attack,Defense,The user stabs the target with a sharp horn. This attack never misses.,The user stabs the target with a sharp horn. This attack never misses.,"One other Pokémon on the field, selected by the trainer.",TODO
672,7,Purify,Poison,-1,,,20,0,0,0,None,None,"The user heals the target's status condition. If the move succeeds, it also restores the user's own HP.",The user heals the target’s status condition. If the move succeeds it also restores the user’s own HP.,"One other Pokémon on the field, selected by the trainer.",TODO
673,7,Revelation Dance,Normal,100,100,90,15,0,0,0,S. Attack,S. Defense,The user attacks the target by dancing very hard. The user's first type determines the type of this move.,The user attacks the target by dancing very hard. The user’s type determines the type of this move.,"One other Pokémon on the field, selected by the trainer.",TODO
674,7,Core Enforcer,Dragon,100,100,100,10,0,0,0,S. Attack,S. Defense,"If the Pokémon the user has inflicted damage on have already used their moves, this move eliminates the effect of the target's Ability.",If the Pokémon the user has inflicted damage on have already used their moves this move eliminates the effect of the target’s Ability.,All opposing Pokémon.,TODO
675,7,Trop Kick,Grass,100,100,70,15,0,0,0,Attack,Defense,The user lands an intense kick of tropical origins on the target. This also lowers the target's Attack stat.,The user lands an intense kick of tropical origins on the target. This also lowers the target’s Attack stat.,"One other Pokémon on the field, selected by the trainer.",100
676,7,Instruct,Psychic,-1,,,15,0,0,0,None,None,The user instructs the target to use the target's last move again.,The user instructs the target to use the target’s last move again.,"One other Pokémon on the field, selected by the trainer.",TODO
677,7,Beak Blast,Flying,100,100,100,15,-2,0,0,Attack,Defense,"The user first heats up its beak, and then it attacks the target. Making direct contact with the Pokémon while it's heating up its beak results in a burn.",The user first heats up its beak and then it attacks the target. Making direct contact with the Pokémon while it’s heating up its beak results in a burn.,"One other Pokémon on the field, selected by the trainer.",TODO
678,7,Clanging Scales,Dragon,100,100,110,5,0,0,0,S. Attack,S. Defense,The user rubs the scales on its entire body and makes a huge noise to attack the opposing Pokémon. The user's Defense stat goes down after the attack.,The user rubs the scales on its entire body and makes a huge noise to attack the opposing Pokémon. The user’s Defense stat goes down after the attack.,All opposing Pokémon.,100
679,7,Dragon Hammer,Dragon,100,100,90,15,0,0,0,Attack,Defense,The user uses its body like a hammer to attack the target and inflict damage.,The user uses its body like a hammer to attack the target and inflict damage.,"One other Pokémon on the field, selected by the trainer.",TODO
680,7,Brutal Swing,Dark,100,100,60,20,0,0,0,Attack,Defense,The user swings its body around violently to inflict damage on everything in its vicinity.,The user swings its body around violently to inflict damage on everything in its vicinity.,Every other Pokémon on the field.,TODO
681,7,Aurora Veil,Ice,-1,,,20,0,0,0,None,None,This move reduces damage from physical and special moves for five turns. This can be used only in Hail.,This move reduces damage from physical and special moves for five turns. This can be used only in a hailstorm.,The user's side of the field.  Affects the user and its ally (if any).,TODO
682,7,Shell Trap,Fire,100,100,150,5,-3,0,0,S. Attack,S. Defense,"The user sets a shell trap. If the user is hit by a physical move, the trap will explode and inflict damage on the opposing Pokémon.",The user sets a shell trap. If the user is hit by a physical move the trap will explode and inflict damage on the opposing Pokémon.,All opposing Pokémon.,TODO
683,7,Fleur Cannon,Fairy,90,90,130,5,0,0,0,S. Attack,S. Defense,The user unleashes a strong beam. The attack's recoil harshly lowers the user's Sp. Atk stat.,The user unleashes a strong beam. The attack’s recoil harshly lowers the user’s Sp. Atk stat.,"One other Pokémon on the field, selected by the trainer.",100
684,7,Psychic Fangs,Psychic,100,100,85,10,0,0,0,Attack,Defense,The user bites the target with its psychic capabilities. This can also destroy Light Screen and Reflect.,The user bites the target with its psychic capabilities. This can also destroy Light Screen and Reflect.,"One other Pokémon on the field, selected by the trainer.",TODO
685,7,Stomping Tantrum,Ground,100,100,75,10,0,0,0,Attack,Defense,"Driven by frustration, the user attacks the target. If the user's previous move has failed, the power of this move doubles.",Driven by frustration the user attacks the target. If the user’s previous move has failed the power of this move doubles.,"One other Pokémon on the field, selected by the trainer.",TODO
686,7,Shadow Bone,Ghost,100,100,85,10,0,0,0,Attack,Defense,The user attacks by beating the target with a bone that contains a spirit. This has a 20% chance to lower the target's Defense stat.,The user attacks by beating the target with a bone that contains a spirit. This may also lower the target’s Defense stat.,"One other Pokémon on the field, selected by the trainer.",20
687,7,Accelerock,Rock,100,100,40,20,1,0,0,Attack,Defense,The user smashes into the target at high speed. This move always goes first.,The user smashes into the target at high speed. This move always goes first.,"One other Pokémon on the field, selected by the trainer.",TODO
688,7,Liquidation,Water,100,100,85,10,0,0,0,Attack,Defense,The user slams into the target using a full-force blast of water. This has a 20% chance to lower the target's Defense stat.,The user slams into the target using a full-force blast of water. This may also lower the target’s Defense stat.,"One other Pokémon on the field, selected by the trainer.",20
689,7,Prismatic Laser,Psychic,100,100,160,10,0,0,0,S. Attack,S. Defense,The user shoots powerful lasers using the power of a prism. The user can't move on the next turn.,The user shoots powerful lasers using the power of a prism. The user can’t move on the next turn.,"One other Pokémon on the field, selected by the trainer.",TODO
690,7,Spectral Thief,Ghost,100,100,90,10,0,0,0,Attack,Defense,"The user hides in the target's shadow, steals the target's stat boosts, and then attacks.",The user hides in the target’s shadow steals the target’s stat boosts and then attacks.,"One other Pokémon on the field, selected by the trainer.",TODO
691,7,Sunsteel Strike,Steel,100,100,100,5,0,0,0,Attack,Defense,The user slams into the target with the force of a meteor. This move can be used on the target regardless of its Abilities.,The user slams into the target with the force of a meteor. This move can be used on the target  regardless of its Abilities.,"One other Pokémon on the field, selected by the trainer.",TODO
692,7,Moongeist Beam,Ghost,100,100,100,5,0,0,0,S. Attack,S. Defense,The user emits a sinister ray to attack the target. This move can be used on the target regardless of its Abilities.,The user emits a sinister ray to attack the target. This move can be used on the target regardless of  its Abilities.,"One other Pokémon on the field, selected by the trainer.",TODO
693,7,Tearful Look,Normal,-1,,,20,0,0,0,None,None,The user gets teary eyed to make the target lose its combative spirit. This lowers the target's Attack and Sp. Atk stats.,The user gets teary eyed to make the target lose its combative spirit. This lowers the target’s Attack and Sp. Atk stats.,"One other Pokémon on the field, selected by the trainer.",100
694,7,Zing Zap,Electric,100,100,80,10,0,0,0,Attack,Defense,"A strong electric blast crashes down on the target, giving it an electric shock. This may also make the target flinch.",A strong electric blast crashes down on the target giving it an electric shock. This may also make the target flinch.,"One other Pokémon on the field, selected by the trainer.",30
695,7,Nature’s Madness,Fairy,90,90,,10,0,0,0,S. Attack,S. Defense,The user hits the target with the force of nature. It halves the target's HP.,The user hits the target with the force of nature. It halves the target’s HP.,"One other Pokémon on the field, selected by the trainer.",TODO
696,7,Multi Attack,Normal,100,100,120,10,0,0,0,Attack,Defense,"Cloaking itself in high energy, the user slams into the target. The move's type changes depending on the form the user is in.",Cloaking itself in high energy the user slams into the target. The memory held determines the move’s type.,"One other Pokémon on the field, selected by the trainer.",TODO
697,7,Mind Blown,Fire,100,100,150,5,0,0,0,S. Attack,S. Defense,The user attacks everything around it by causing its own head to explode. This also damages the user.,The user attacks everything around it by causing its own head to explode. This also damages the user.,Every other Pokémon on the field.,TODO
698,7,Plasma Fists,Electric,100,100,100,15,0,0,0,Attack,Defense,The user attacks with electrically charged fists. This move changes Normal-type moves to Electric-type moves.,The user attacks with electrically charged fists. This move changes Normal-type moves to Electric-type moves.,"One other Pokémon on the field, selected by the trainer.",TODO
699,7,Photon Geyser,Psychic,100,100,100,5,0,0,0,S. Attack,S. Defense,The user attacks a target with a pillar of light. This move inflicts Attack or Sp. Atk damage—whichever stat is higher for the user.,The user attacks a target with a pillar of light. This move inflicts Attack or Sp. Atk damage—whichever stat is higher for the user.,"One other Pokémon on the field, selected by the trainer.",TODO
700,7,Double Iron Bash,Steel,,100,60,5,0,0,0,Attack,Defense,TODO,,"One other Pokémon on the field, selected by the trainer.",30
701,7,Blinding Speed,Light,100,100,60,40,4,0,0,Attack,Defense,"This move hits even faster than Extreme Speed and almost always goes first, but the user gets hurt a bit.",,TODO,TODO
702,7,Light Bomb,Light,90,90,80,30,0,0,0,Attack,Defense,The user leaps high and drops down like a bomb on the target with a blinding explosion.,,TODO,TODO
703,7,Lidar Cannon,Light,90,100,200,5,0,1,1,S. Attack,S. Defense,"The user concentrates light and fires it in a thin, explosive ray that pierces through targets. Incredibly powerful, but the user has to charge one turn, and rest another.",,TODO,TODO
704,7,Star Beam,Light,100,100,100,5,0,0,0,S. Attack,S. Defense,"This move can only be used by Eevee and it's eeveelutions. It turns into the type of the user, but if the user is Normal type, it becomes Dragon type instead and never misses.",,TODO,TODO
705,Z,Breakneck Blitz,Normal,-1,,???,1,0,???,???,???,???,"The user builds up its momentum using its Z-Power and crashes into the target at full speed. The power varies, depending on the original move.",The user builds up its momentum using its Z-Power and crashes into the target at full speed. The power varies depending on the original move.,"One other Pokémon on the field, selected by the trainer.",TODO
706,Z,All Out Pummeling,Fighting,-1,,???,1,0,???,???,???,???,"The user rams an energy orb created by its Z-Power into the target with full force. The power varies, depending on the original move.",The user rams an energy orb created by its Z-Power into the target with full force. The power varies depending on the original move.,"One other Pokémon on the field, selected by the trainer.",TODO
707,Z,Supersonic Skystrike,Flying,-1,,???,1,0,???,???,???,???,"The user soars up with its Z-Power and plummets toward the target at full speed. The power varies, depending on the original move.",The user soars up with its Z-Power and plummets toward the target at full speed. The power varies depending on the original move.,"One other Pokémon on the field, selected by the trainer.",TODO
708,Z,Acid Downpour,Poison,-1,,???,1,0,???,???,???,???,"The user creates a poisonous swamp using its Z-Power and sinks the target into it at full force. The power varies, depending on the original move.",The user creates a poisonous swamp using its Z-Power and sinks the target into it at full force. The power varies depending on the original move.,"One other Pokémon on the field, selected by the trainer.",TODO
709,Z,Tectonic Rage,Ground,-1,,???,1,0,???,???,???,???,"The user burrows deep into the ground and slams into the target with the full force of its Z-Power. The power varies, depending on the original move.",The user burrows deep into the ground and slams into the target with the full force of its Z-Power. The power varies depending on the original move.,"One other Pokémon on the field, selected by the trainer.",TODO
710,Z,Continental Crush,Rock,-1,,???,1,0,???,???,???,???,"The user summons a huge rock mountain using its Z-Power and drops it onto the target with full force. The power varies, depending on the original move.",The user summons a huge rock mountain using its Z-Power and drops it onto the target with full force. The power varies depending on the original move.,"One other Pokémon on the field, selected by the trainer.",TODO
711,Z,Savage Spin Out,Bug,-1,,???,1,0,???,???,???,???,"The user binds the target with full force with threads of silk that the user spits using its Z-Power. The power varies, depending on the original move.",The user binds the target with full force with threads of silk that the user spits using its Z-Power. The power varies depending on the original move.,"One other Pokémon on the field, selected by the trainer.",TODO
712,Z,Never Ending Nightmare,Ghost,-1,,???,1,0,???,???,???,???,"Deep-seated grudges summoned by the user's Z-Power trap the target. The power varies, depending on the original move.",Deep-seated grudges summoned by the user’s Z-Power trap the target. The power varies depending on the original move.,"One other Pokémon on the field, selected by the trainer.",TODO
713,Z,Corkscrew Crash,Steel,-1,,???,1,0,???,???,???,???,"The user spins very fast and rams into the target with the full force of its Z-Power. The power varies, depending on the original move.",The user spins very fast and rams into the target with the full force of its Z-Power. The power varies depending on the original move.,"One other Pokémon on the field, selected by the trainer.",TODO
714,Z,Inferno Overdrive,Fire,-1,,???,1,0,???,???,???,???,The user breathes a stream of intense fire toward the target with the full force of its Z-Power. The power varies depending on the original move.,The user breathes a stream of intense fire toward the target with the full force of its Z-Power. The power varies depending on the original move.,"One other Pokémon on the field, selected by the trainer.",TODO
715,Z,Hydro Vortex,Water,-1,,???,1,0,???,???,???,???,"The user creates a huge whirling current using its Z-Power to swallow the target with full force. The power varies, depending on the original move.",The user creates a huge whirling current using its Z-Power to swallow the target with full force. The power varies depending on the original move.,"One other Pokémon on the field, selected by the trainer.",TODO
716,Z,Bloom Doom,Grass,-1,,???,1,0,???,???,???,???,"The user collects energy from plants using its Z-Power and attacks the target with full force. The power varies, depending on the original move.",The user collects energy from plants using its Z-Power and attacks the target with full force. The power varies depending on the original move.,"One other Pokémon on the field, selected by the trainer.",TODO
717,Z,Gigavolt Havoc,Electric,-1,,???,1,0,???,???,???,???,"The user hits the target with a powerful electric current collected by its Z-Power. The power varies, depending on the original move.",The user hits the target with a powerful electric current collected by its Z-Power. The power varies depending on the original move.,"One other Pokémon on the field, selected by the trainer.",TODO
718,Z,Shattered Psyche,Psychic,-1,,???,1,0,???,???,???,???,"The user controls the target with its Z-Power and hurts the target with full force. The power varies, depending on the original move.",The user controls the target with its Z-Power and hurts the target with full force. The power varies depending on the original move.,"One other Pokémon on the field, selected by the trainer.",TODO
719,Z,Subzero Slammer,Ice,-1,,???,1,0,???,???,???,???,"The user dramatically drops the temperature using its Z-Power and freezes the target with full force. The power varies, depending on the original move.",The user dramatically drops the temperature using its Z-Power and freezes the target with full force. The power varies depending on the original move.,"One other Pokémon on the field, selected by the trainer.",TODO
720,Z,Devastating Drake,Dragon,-1,,???,1,0,???,???,???,???,"The user materializes its aura using its Z-Power and attacks the target with full force. The power varies, depending on the original move.",The user materializes its aura using its Z-Power and attacks the target with full force. The power varies depending on the original move.,"One other Pokémon on the field, selected by the trainer.",TODO
721,Z,Black Hole Eclipse,Dark,-1,,???,1,0,???,???,???,???,"The user gathers dark energy using its Z-Power and sucks the target into it. The power varies, depending on the original move.",The user gathers dark energy using its Z-Power and sucks the target into it. The power varies depending on the original move.,"One other Pokémon on the field, selected by the trainer.",TODO
722,Z,Twinkle Tackle,Fairy,-1,,???,1,0,???,???,???,???,"The user creates a very charming space using its Z-Power and totally toys with the target. The power varies, depending on the original move.",The user creates a very charming space using its Z-Power and totally toys with the target. The power varies depending on the original move.,"One other Pokémon on the field, selected by the trainer.",TODO
723,Z,Catastropika,Electric,-1,,210,1,0,???,???,Attack,Defense,"The user, Pikachu, surrounds itself with the maximum amount of electricity using its Z-Power and pounces on its target with full force.",The user Pikachu surrounds itself with the maximum amount of electricity using its Z-Power and pounces on its target with full force.,"One other Pokémon on the field, selected by the trainer.",TODO
724,Z,Sinister Arrow Raid,Ghost,-1,,180,1,0,???,???,Attack,Defense,"The user, Decidueye, creates countless arrows using its Z-Power and shoots the target with full force.",The user Decidueye creates countless arrows using its Z-Power and shoots the target with full force.,"One other Pokémon on the field, selected by the trainer.",TODO
725,Z,Malicious Moonsault,Dark,-1,,180,1,0,???,???,Attack,Defense,"The user, Incineroar, strengthens its body using its Z-Power and crashes into the target with full force.",The user Incineroar strengthens its body using its Z-Power and crashes into the target with full force.,"One other Pokémon on the field, selected by the trainer.",TODO
726,Z,Oceanic Operetta,Water,-1,,195,1,0,???,???,S. Attack,S. Defense,"The user, Primarina, summons a massive amount of water using its Z-Power and attacks the target with full force.",The user Primarina summons a massive amount of  water using its Z-Power and attacks the target with  full force.,"One other Pokémon on the field, selected by the trainer.",TODO
727,Z,Guardian of Alola,Fairy,-1,,,1,0,???,???,S. Attack,S. Defense,"The user, the Land Spirit Pokémon, obtains Alola's energy using its Z-Power and attacks the target with full force. This reduces the target's HP greatly.",The user the Land Spirit Pokémon obtains Alola’s energy using its Z-Power and attacks the target with full force. This reduces the target’s HP greatly.,"One other Pokémon on the field, selected by the trainer.",TODO
728,Z,Soul Stealing 7 Star Strike,Ghost,-1,,195,1,0,???,???,Attack,Defense,"After obtaining Z-Power, the user, Marshadow, punches and kicks the target consecutively with full force.",After obtaining Z-Power the user Marshadow punches and kicks the target consecutively with full force.,"One other Pokémon on the field, selected by the trainer.",TODO
729,Z,Stoked Sparksurfer,Electric,-1,,175,1,0,???,???,S. Attack,S. Defense,"After obtaining Z-Power, the user, Alolan Raichu, attacks the target with full force. This move leaves the target with paralysis.",After obtaining Z-Power the user Alolan Raichu attacks the target with full force. This move leaves the target with paralysis.,"One other Pokémon on the field, selected by the trainer.",100
730,Z,Pulverizing Pancake,Normal,-1,,210,1,0,???,???,Attack,Defense,"Z-Power brings out the true capabilities of the user, Snorlax. The Pokémon moves its enormous body energetically and attacks the target with full force.",Z-Power brings out the true capabilities of the user Snorlax. The Pokémon moves its enormous body energetically and attacks the target with full force.,"One other Pokémon on the field, selected by the trainer.",TODO
731,Z,Extreme Evoboost,Normal,-1,,,1,0,???,???,None,None,"After obtaining Z-Power, the user, Eevee, gets energy from its evolved friends and boosts its stats sharply.",After obtaining Z-Power the user Eevee gets energy from its evolved friends and boosts its stats sharply.,The user.,100
732,Z,Genesis Supernova,Psychic,-1,,185,1,0,???,???,S. Attack,S. Defense,"After obtaining Z-Power, the user, Mew, attacks the target with full force. The terrain will be charged with psychic energy.",After obtaining Z-Power the user Mew attacks the target with full force. The terrain will be charged with psychic energy.,"One other Pokémon on the field, selected by the trainer.",TODO
733,Z,Searing Sunraze Smash,Steel,-1,,200,1,0,???,???,Attack,Defense,"After obtaining Z-Power, the user, Solgaleo, attacks the target with full force. This move can ignore the effect of the target's Ability.",After obtaining Z-Power the user Solgaleo attacks the target with full force. This move can ignore the effect of the target’s Ability.,"One other Pokémon on the field, selected by the trainer.",TODO
734,Z,Menacing Moonraze Maelstrom,Ghost,-1,,200,1,0,???,???,S. Attack,S. Defense,"After obtaining Z-Power, the user, Lunala, attacks the target with full force. This move can ignore the effect of the target's Ability.",After obtaining Z-Power the user Lunala attacks the target with full force. This move can ignore the effect of the target’s Ability.,"One other Pokémon on the field, selected by the trainer.",TODO
735,Z,Let’s Snuggle Forever,Fairy,-1,,190,1,0,???,???,Attack,Defense,"After obtaining Z-Power, the user, Mimikyu, punches the target with full force.",After obtaining Z-Power the user Mimikyu punches the target with full force.,"One other Pokémon on the field, selected by the trainer.",TODO
736,Z,Splintered Stormshards,Rock,-1,,190,1,0,???,???,Attack,Defense,"After obtaining Z-Power, the user, Lycanroc, attacks the target with full force. This move negates the effect on the battlefield.",After obtaining Z-Power the user Lycanroc attacks the target with full force. This move negates the effect on the battlefield.,"One other Pokémon on the field, selected by the trainer.",TODO
737,Z,Clangorous Soulblaze,Dragon,-1,,185,1,0,???,???,S. Attack,S. Defense,"After obtaining Z-Power, the user, Kommo-o, attacks the opposing Pokémon with full force. This move boosts the user's stats.",After obtaining Z-Power the user Kommo-o attacks the opposing Pokémon with full force. This move boosts the user’s stats.,All opposing Pokémon.,100
738,Z,Light That Burns the Sky,Psychic,-1,,200,1,0,???,???,S. Attack,S. Defense,"This attack inflicts Attack or Sp. Atk damage— whichever stat is higher for the user, Necrozma. This move ignores the target's Ability.",This attack inflicts Attack or Sp. Atk damage— whichever stat is higher for the user Necrozma.  This move ignores the target’s Ability.,"One other Pokémon on the field, selected by the trainer.",TODO
739,Z,Plant Hammer,TODO,TODO,TODO,TODO,TODO,TODO,???,???,TODO,TODO,TODO (Frenzy Plant from Venusarium Z),,TODO,TODO
740,Z,Sky Explosion,TODO,TODO,TODO,TODO,TODO,TODO,???,???,TODO,TODO,TODO (Blast Burn from Charizardium Z),,TODO,TODO
741,Z,Hose Bazooka,TODO,TODO,TODO,TODO,TODO,TODO,???,???,TODO,TODO,TODO (Hydro Cannon from Blastoisium Z),,TODO,TODO
742,Z,Gigabreaker Drill,TODO,TODO,TODO,TODO,TODO,TODO,???,???,TODO,TODO,TODO (Twineedle from Beedrilium Z),,TODO,TODO
743,Z,Zap Bomb,TODO,TODO,TODO,TODO,TODO,TODO,???,???,TODO,TODO,TODO (Volt Switch from Pichium Z),,TODO,TODO
744,Z,Zettahertz Missile,TODO,TODO,TODO,TODO,TODO,TODO,???,???,TODO,TODO,TODO (Zap Cannon from Raichium Z),,TODO,TODO
745,Z,Light Of Shinto,TODO,TODO,TODO,TODO,TODO,TODO,???,???,TODO,TODO,TODO (Will O Wisp from Ninetalium Z),,TODO,TODO
746,Z,Here's Your Receipt,TODO,TODO,TODO,TODO,TODO,TODO,???,???,TODO,TODO,TODO (Pay Day from Persianium Z),,TODO,TODO
747,Z,Sleight Of Mind,TODO,TODO,TODO,TODO,TODO,TODO,???,???,TODO,TODO,TODO (Kinesis from Alakazium Z),,TODO,TODO
748,Z,Malicious Possession,TODO,TODO,TODO,TODO,TODO,TODO,???,???,TODO,TODO,TODO (Night Shade from Gengarium Z),,TODO,TODO
749,Z,Faithful Justice,TODO,TODO,TODO,TODO,TODO,TODO,???,???,TODO,TODO,TODO (Bonemerang from Marowakium Z),,TODO,TODO
750,Z,Mudrunning Geyser,TODO,TODO,TODO,TODO,TODO,TODO,???,???,TODO,TODO,TODO (Hydro Pump from Feraligium Z),,TODO,TODO
751,Z,Floral Exsporesion,TODO,TODO,TODO,TODO,TODO,TODO,???,???,TODO,TODO,TODO (Solar Beam from Meganinium Z),,TODO,TODO
752,Z,Whirlwind Firedevil,TODO,TODO,TODO,TODO,TODO,TODO,???,???,TODO,TODO,TODO (Eruption from Typhlosium Z),,TODO,TODO
753,Z,Toxic Silk Prison,TODO,TODO,TODO,TODO,TODO,TODO,???,???,TODO,TODO,TODO (Toxic Thread from Ariadosium Z),,TODO,TODO
754,Z,Guiding Light,TODO,TODO,TODO,TODO,TODO,TODO,???,???,TODO,TODO,TODO (Tail Glow from Ampharosium Z),,TODO,TODO
755,Z,Full Water Jacket,TODO,TODO,TODO,TODO,TODO,TODO,???,???,TODO,TODO,TODO (Octazooka from Octillerium Z),,TODO,TODO
756,Z,All Year Round,TODO,TODO,TODO,TODO,TODO,TODO,???,???,TODO,TODO,TODO (Present from Delibirdium Z),,TODO,TODO
757,Z,Titanium Falchion,TODO,TODO,TODO,TODO,TODO,TODO,???,???,TODO,TODO,TODO (Steel Wing from Skarmorium Z),,TODO,TODO
758,Z,Devious Artform,TODO,TODO,TODO,TODO,TODO,TODO,???,???,TODO,TODO,TODO (Sketch from Smearglium Z),,TODO,TODO
759,Z,Fresh Cake,TODO,TODO,TODO,TODO,TODO,TODO,???,???,TODO,TODO,TODO (Milk Drink from Miltankium Z),,TODO,TODO
760,Z,The World Is An Egg,TODO,TODO,TODO,TODO,TODO,TODO,???,???,TODO,TODO,TODO (Soft Boiled from Blissium Z),,TODO,TODO
761,Z,Phoenix Shine,TODO,TODO,TODO,TODO,TODO,TODO,???,???,TODO,TODO,TODO (Sacred Fire from Ho-Ohium Z),,TODO,TODO
762,Z,Whale Darkness,TODO,TODO,TODO,TODO,TODO,TODO,???,???,TODO,TODO,TODO (Aeroblast from Lugium Z),,TODO,TODO
763,Z,Timeline Shift,TODO,TODO,TODO,TODO,TODO,TODO,???,???,TODO,TODO,TODO (Future Sight from Celebium Z),,TODO,TODO
764,Z,Sequoia Spear,TODO,TODO,TODO,TODO,TODO,TODO,???,???,TODO,TODO,TODO (Leaf Blade from Sceptilium Z),,TODO,TODO
765,Z,Roundhouse Burst,TODO,TODO,TODO,TODO,TODO,TODO,???,???,TODO,TODO,TODO (Blaze Kick from Blazikenium Z),,TODO,TODO
766,Z,Mudrunning Quake,TODO,TODO,TODO,TODO,TODO,TODO,???,???,TODO,TODO,TODO (Muddy Water from Swampertium Z),,TODO,TODO
767,Z,Lost Patience,TODO,TODO,TODO,TODO,TODO,TODO,???,???,TODO,TODO,TODO (Slack Off from Slakingium Z),,TODO,TODO
768,Z,Dreamland Express,TODO,TODO,TODO,TODO,TODO,TODO,???,???,TODO,TODO,TODO (Mach Punch from Brelium Z),,TODO,TODO
769,Z,Crater Throw,TODO,TODO,TODO,TODO,TODO,TODO,???,???,TODO,TODO,TODO (Smelling Salts from Hariyamium Z),,TODO,TODO
770,Z,Good Night,TODO,TODO,TODO,TODO,TODO,TODO,???,???,TODO,TODO,TODO (Assist from Delcattium Z),,TODO,TODO
771,Z,Endless Spin,TODO,TODO,TODO,TODO,TODO,TODO,???,???,TODO,TODO,TODO (Teeter Dance from Spindium Z),,TODO,TODO
772,Z,Ancestral Sandsong,TODO,TODO,TODO,TODO,TODO,TODO,???,???,TODO,TODO,TODO (Fissure from Flygonium Z),,TODO,TODO
773,Z,Lacerating Scissor Fist,TODO,TODO,TODO,TODO,TODO,TODO,???,???,TODO,TODO,TODO (Crush Claw from Zangoosium Z),,TODO,TODO
774,Z,Gashing Scythe Tail,TODO,TODO,TODO,TODO,TODO,TODO,???,???,TODO,TODO,TODO (Poison Tail from Seviperium Z),,TODO,TODO
775,Z,Omnitype Cloud Sphere,TODO,TODO,TODO,TODO,TODO,TODO,???,???,TODO,TODO,TODO (Weather Ball from Castformium Z),,TODO,TODO
776,Z,Zip Up,TODO,TODO,TODO,TODO,TODO,TODO,???,???,TODO,TODO,TODO (Shadow Claw from Banettium Z),,TODO,TODO
777,Z,Electromagnetic Bullet Bash,TODO,TODO,TODO,TODO,TODO,TODO,???,???,TODO,TODO,TODO (Meteor Mash from Metagrossium Z),,TODO,TODO
778,Z,Purging Torrential Flood,TODO,TODO,TODO,TODO,TODO,TODO,???,???,TODO,TODO,TODO (Origin Pulse from Kyogrium Z),,TODO,TODO
779,Z,Hellish Volcanic Storm,TODO,TODO,TODO,TODO,TODO,TODO,???,???,TODO,TODO,TODO (Precipice Blades from Groudonium Z),,TODO,TODO
780,Z,Heavenly Draconic Skyfall,TODO,TODO,TODO,TODO,TODO,TODO,???,???,TODO,TODO,TODO (Dragon Ascent from Rayquazium Z),,TODO,TODO
781,Z,Shining Shooting Star,TODO,TODO,TODO,TODO,TODO,TODO,???,???,TODO,TODO,TODO (Doom Desire from Jirachium Z),,TODO,TODO
782,Z,Ethereal Helix Scramble,TODO,TODO,TODO,TODO,TODO,TODO,???,???,TODO,TODO,TODO (Psycho Boost from Deoxium Z),,TODO,TODO
783,Z,Arcing Stun Grenade,TODO,TODO,TODO,TODO,TODO,TODO,???,???,TODO,TODO,TODO (Discharge from Luxraium Z),,TODO,TODO
784,Z,Rising Sawblade Kick,TODO,TODO,TODO,TODO,TODO,TODO,???,???,TODO,TODO,TODO (Ear Clap from Lopunny Z),,TODO,TODO
785,Z,Great Surging Aura Fist,TODO,TODO,TODO,TODO,TODO,TODO,???,???,TODO,TODO,TODO (Aura Sphere from Lucarium Z),,TODO,TODO
786,Z,Conversion Z,TODO,TODO,TODO,TODO,TODO,TODO,???,???,TODO,TODO,TODO (Conversion 2 from Porygonium Z),,TODO,TODO
787,Z,Megaton Smash,TODO,TODO,TODO,TODO,TODO,TODO,???,???,TODO,TODO,TODO (Rock Wrecker from Rhyperium Z),,TODO,TODO
788,Z,Paradox Dilation,TODO,TODO,TODO,TODO,TODO,TODO,???,???,TODO,TODO,TODO (Roar Of Time from Dialgium Z),,TODO,TODO
789,Z,Gravity Curvature,TODO,TODO,TODO,TODO,TODO,TODO,???,???,TODO,TODO,TODO (Spacial Rend from Palkium Z),,TODO,TODO
790,Z,Eternal Obscurity,TODO,TODO,TODO,TODO,TODO,TODO,???,???,TODO,TODO,TODO (Shadow Force from Giratinium Z),,TODO,TODO
791,Z,Dream Of Fortune,TODO,TODO,TODO,TODO,TODO,TODO,???,???,TODO,TODO,TODO (Lunar Dance from Cresselium Z),,TODO,TODO
792,Z,Bliss From The Dark Blue,TODO,TODO,TODO,TODO,TODO,TODO,???,???,TODO,TODO,TODO (Heart Swap from Manaphium Z),,TODO,TODO
793,Z,Nightmare Of Despair,TODO,TODO,TODO,TODO,TODO,TODO,???,???,TODO,TODO,TODO (Dark Void from Darkraium Z),,TODO,TODO
794,Z,Radiant Solar Flare,TODO,TODO,TODO,TODO,TODO,TODO,???,???,TODO,TODO,TODO (Seed Flare from Shayminium Z),,TODO,TODO
795,Z,Divine Retribution,TODO,TODO,TODO,TODO,TODO,TODO,???,???,TODO,TODO,TODO (Judgement from Arceusium Z),,TODO,TODO
796,Z,V Destroy,TODO,TODO,TODO,TODO,TODO,TODO,???,???,TODO,TODO,TODO (V Create from Victinium Z),,TODO,TODO
797,Z,Soil Shaking Bloom,TODO,TODO,TODO,TODO,TODO,TODO,???,???,TODO,TODO,TODO (Leaf Storm from Serperium Z),,TODO,TODO
798,Z,Sky Scorching Blaze,TODO,TODO,TODO,TODO,TODO,TODO,???,???,TODO,TODO,TODO (Heat Crash from Emboarium Z),,TODO,TODO
799,Z,Sea Splitting Blend,TODO,TODO,TODO,TODO,TODO,TODO,???,???,TODO,TODO,TODO (Razor Shell from Samurottium Z),,TODO,TODO
800,Z,Windswept Mist,TODO,TODO,TODO,TODO,TODO,TODO,???,???,TODO,TODO,TODO (Rest from Musharnium Z),,TODO,TODO
801,Z,Muon Kick,TODO,TODO,TODO,TODO,TODO,TODO,???,???,TODO,TODO,TODO (Wild Charge from Zebstrikium Z),,TODO,TODO
802,Z,Whisper From The Heart,TODO,TODO,TODO,TODO,TODO,TODO,???,???,TODO,TODO,TODO (Secret Power from Audinium Z),,TODO,TODO
803,Z,Road Rolling Dunk,TODO,TODO,TODO,TODO,TODO,TODO,???,???,TODO,TODO,TODO (Steamroller from Scolipedium Z),,TODO,TODO
804,Z,Spiteful Shattering Deception,TODO,TODO,TODO,TODO,TODO,TODO,???,???,TODO,TODO,TODO (Night Daze from Zoroarkium Z),,TODO,TODO
805,Z,Compulsive Foe Decluttering,TODO,TODO,TODO,TODO,TODO,TODO,???,???,TODO,TODO,TODO (Tail Slap from Cinccinium Z),,TODO,TODO
806,Z,Twin Dragonborn Battleaxe,TODO,TODO,TODO,TODO,TODO,TODO,???,???,TODO,TODO,TODO (Dual Chop from Haxorium Z),,TODO,TODO
807,Z,Straight Cut Transmission,TODO,TODO,TODO,TODO,TODO,TODO,???,???,TODO,TODO,TODO (Gear Grind from Klinklangium Z),,TODO,TODO
808,Z,Bullrun Headbutt,TODO,TODO,TODO,TODO,TODO,TODO,???,???,TODO,TODO,TODO (Head Charge from Bouffalantium Z),,TODO,TODO
809,Z,Whip Crack Ignition,TODO,TODO,TODO,TODO,TODO,TODO,???,???,TODO,TODO,TODO (Fire Lash from Heatmorium Z),,TODO,TODO
810,Z,Wildfire Pirouette Bang,TODO,TODO,TODO,TODO,TODO,TODO,???,???,TODO,TODO,TODO (Fiery Dance from Volcaronium Z),,TODO,TODO
811,Z,Scorching Turbine Howl,TODO,TODO,TODO,TODO,TODO,TODO,???,???,TODO,TODO,TODO (Blue Flare from Reshiramium Z),,TODO,TODO
812,Z,Shocking Generator Roar,TODO,TODO,TODO,TODO,TODO,TODO,???,???,TODO,TODO,TODO (Bolt Strike from Zekromium Z),,TODO,TODO
813,Z,Blood Freezing Entropic Crunch,TODO,TODO,TODO,TODO,TODO,TODO,???,???,TODO,TODO,TODO (Glaciate from Kyuremium Z),,TODO,TODO
814,Z,Buster Sword,TODO,TODO,TODO,TODO,TODO,TODO,???,???,TODO,TODO,TODO (Secret Sword from Keldium Z),,TODO,TODO
815,Z,Heartstring Tugging Orchestra,TODO,TODO,TODO,TODO,TODO,TODO,???,???,TODO,TODO,TODO (Relic Song from Meloettium Z),,TODO,TODO
816,Z,Sky Rending Orbital Strike,TODO,TODO,TODO,TODO,TODO,TODO,???,???,TODO,TODO,TODO (Techno Blast from Genesectium Z),,TODO,TODO
817,Z,Shadow Torrent Fuushuriken,TODO,TODO,TODO,TODO,TODO,TODO,???,???,TODO,TODO,TODO (Water Shuriken from Greninjium Z),,TODO,TODO
818,Z,Conflagrating Incaendium Portal,TODO,TODO,TODO,TODO,TODO,TODO,???,???,TODO,TODO,TODO (Mystical Fire from Delphoxium Z),,TODO,TODO
819,Z,Thorned Adamantine Scotum,TODO,TODO,TODO,TODO,TODO,TODO,???,???,TODO,TODO,TODO (Spiky Shield from Chesnaughtium Z),,TODO,TODO
820,Z,Hypnotizing Talcum,TODO,TODO,TODO,TODO,TODO,TODO,???,???,TODO,TODO,TODO (Powder from Vivillium Z),,TODO,TODO
821,Z,Regal Pyro Shockwave,TODO,TODO,TODO,TODO,TODO,TODO,???,???,TODO,TODO,TODO (Noble Roar from Pyroarium Z),,TODO,TODO
822,Z,Infinity Energy Cannon,TODO,TODO,TODO,TODO,TODO,TODO,???,???,TODO,TODO,TODO (Light Of Ruin from Florgesium Z),,TODO,TODO
823,Z,Corkscrew Iron Haymaker,TODO,TODO,TODO,TODO,TODO,TODO,???,???,TODO,TODO,TODO (Parting Shot from Pangorium Z),,TODO,TODO
824,Z,Mind Numbing Mirror Maze,TODO,TODO,TODO,TODO,TODO,TODO,???,???,TODO,TODO,TODO (Topsy Turvy from Malamarium Z),,TODO,TODO
825,Z,Blinding Flash Bang,TODO,TODO,TODO,TODO,TODO,TODO,???,???,TODO,TODO,TODO (Electrify from Helioliskium Z),,TODO,TODO
826,Z,Straight Jacket Suplex,TODO,TODO,TODO,TODO,TODO,TODO,???,???,TODO,TODO,TODO (Flying Press from Hawluchium Z),,TODO,TODO
827,Z,Diamond Core Padlock Seal,TODO,TODO,TODO,TODO,TODO,TODO,???,???,TODO,TODO,TODO (Fairy Lock from Klefkium Z),,TODO,TODO
828,Z,Midway Upon Life,TODO,TODO,TODO,TODO,TODO,TODO,???,???,TODO,TODO,TODO (Forest's Curse from Trevenantium Z),,TODO,TODO
829,Z,The Devil's Night Before,TODO,TODO,TODO,TODO,TODO,TODO,???,???,TODO,TODO,TODO (Trick Or Treat from Gourgeistium Z),,TODO,TODO
830,Z,Tree Of Life's Blessing,TODO,TODO,TODO,TODO,TODO,TODO,???,???,TODO,TODO,TODO (Geomancy from Xerneasium Z),,TODO,TODO
831,Z,Death Cocoon's Curse,TODO,TODO,TODO,TODO,TODO,TODO,???,???,TODO,TODO,TODO (Oblivion Wing from Yveltalium Z),,TODO,TODO
832,Z,Trembling Earth,TODO,TODO,TODO,TODO,TODO,TODO,???,???,TODO,TODO,TODO (Core Enforcer from Zygardium Z),,TODO,TODO
833,Z,Great Adamantium Spike,TODO,TODO,TODO,TODO,TODO,TODO,???,???,TODO,TODO,TODO (Diamond Storm from Diancium Z),,TODO,TODO
834,Z,Hyperspace Dimension,TODO,TODO,TODO,TODO,TODO,TODO,???,???,TODO,TODO,TODO (Hyperspace Fury from Hoopium Z),,TODO,TODO
835,Z,Vaporcone Valve Explosion,TODO,TODO,TODO,TODO,TODO,TODO,???,???,TODO,TODO,TODO (Steam Eruption from Volcanium Z),,TODO,TODO
836,Z,Ultra Beak Beam,TODO,TODO,TODO,TODO,TODO,TODO,???,???,TODO,TODO,TODO (Beak Blast from Toucannium Z),,TODO,TODO
837,Z,Iceberg Chokeslam,TODO,TODO,TODO,TODO,TODO,TODO,???,???,TODO,TODO,TODO (Ice Hammer from Crabominabium Z),,TODO,TODO
838,Z,Bee Season,TODO,TODO,TODO,TODO,TODO,TODO,???,???,TODO,TODO,TODO (Pollen Puff from Ribombium Z),,TODO,TODO
839,Z,Noxious Thorn Shield,TODO,TODO,TODO,TODO,TODO,TODO,???,???,TODO,TODO,TODO (Baneful Bunker from Toxapexium Z),,TODO,TODO
840,Z,Tectonic Stomp,TODO,TODO,TODO,TODO,TODO,TODO,???,???,TODO,TODO,TODO (High Horsepower from Mudsdalium Z),,TODO,TODO
841,Z,Can I Eat Your Head,TODO,TODO,TODO,TODO,TODO,TODO,???,???,TODO,TODO,TODO (Solar Blade from Lurantium Z),,TODO,TODO
842,Z,Toxic Thigh Crush,TODO,TODO,TODO,TODO,TODO,TODO,???,???,TODO,TODO,TODO (Trop Kick from Tsareenium Z),,TODO,TODO
843,Z,Therapeutic Fleur Wind,TODO,TODO,TODO,TODO,TODO,TODO,???,???,TODO,TODO,TODO (Floral Healing from Comfium Z),,TODO,TODO
844,Z,Supersonic Hit And Run,TODO,TODO,TODO,TODO,TODO,TODO,???,???,TODO,TODO,TODO (First Impression from Golisopodium Z),,TODO,TODO
845,Z,Quicksand Abyss,TODO,TODO,TODO,TODO,TODO,TODO,???,???,TODO,TODO,TODO (Shore Up from Palossandium Z),,TODO,TODO
846,Z,Devilish Retribution,TODO,TODO,TODO,TODO,TODO,TODO,???,???,TODO,TODO,TODO (Multi Attack from Silvallium Z),,TODO,TODO
847,Z,Detonating Rising Rocket,TODO,TODO,TODO,TODO,TODO,TODO,???,???,TODO,TODO,TODO (Shell Trap from Turtonatium Z),,TODO,TODO
848,Z,Land Ahoy,TODO,TODO,TODO,TODO,TODO,TODO,???,???,TODO,TODO,TODO (Anchor Shot from Dhelmisium Z),,TODO,TODO
849,Z,Master's Orders,TODO,TODO,TODO,TODO,TODO,TODO,???,???,TODO,TODO,TODO (Fleur Cannon from Magearnium Z),,TODO,TODO
850,Z,One Inch Punch,TODO,TODO,TODO,TODO,TODO,TODO,???,???,TODO,TODO,TODO (Plasma Fists from Zeraorium Z),,TODO,TODO
851,Z,Stellar Masamune,TODO,TODO,TODO,TODO,TODO,TODO,???,???,TODO,TODO,TODO (Star Beam from Eeveonium Z),,TODO,TODO
